month,word,count,article_count
2026-01,ai,51.8,61
2026-01,する,41.0,41
2026-01,構築,18.0,18
2026-01,エージェント,15.0,15
2026-01,エンジニア,14.0,14
2026-01,した,13.0,13
2026-01,って,13.0,13
2026-01,から,11.0,11
2026-01,方法,11.0,11
2026-01,qiita,10.5,15
2026-01,して,10.0,10
2026-01,してみた,10.0,10
2026-01,ガイド,10.0,10
2026-01,実現,10.0,10
2026-01,開発,10.0,10
2026-01,記事,10.0,8
2026-01,aws,9.8,10
2026-01,claude,9.1,13
2026-01,セキュリティ,9.0,9
2026-01,ローカル,9.0,9
2026-01,時代,9.0,9
2026-01,code,8.399999999999999,12
2026-01,アプリ,8.0,8
2026-01,データ,8.0,8
2026-01,理由,8.0,8
2026-01,ollama,7.7,11
2026-01,copilot,7.0,10
2026-01,mcp,7.0,9
2026-01,める,7.0,7
2026-01,完全,7.0,7
2026-01,後編,7.0,7
2026-01,生成,7.0,7
2026-01,える,6.0,6
2026-01,かす,6.0,6
2026-01,った,6.0,6
2026-01,にも,6.0,6
2026-01,まとめ,6.0,6
2026-01,コード,6.0,6
2026-01,チートシート,6.0,6
2026-01,トレンド,6.0,6
2026-01,ハンズオン,6.0,6
2026-01,パイプライン,6.0,6
2026-01,仕事,6.0,6
2026-01,作成,6.0,6
2026-01,基盤,6.0,6
2026-01,統合分析,6.0,6
2026-01,自分,6.0,6
2026-01,こう,5.0,5
2026-01,その,5.0,5
2026-01,それ,5.0,5
2026-01,サービス,5.0,5
2026-01,ポッドキャスト,5.0,5
2026-01,今日,5.0,5
2026-01,初心者向,5.0,5
2026-01,対応,5.0,5
2026-01,日本語環境,5.0,5
2026-01,構成,5.0,5
2026-01,自分専用,5.0,5
2026-01,oci,4.9,7
2026-01,cursor,4.8999999999999995,7
2026-01,clawdbot,4.199999999999999,6
2026-01,data,4.199999999999999,6
2026-01,microsoft,4.199999999999999,6
2026-01,platform,4.199999999999999,6
2026-01,rust,4.199999999999999,6
2026-01,studio,4.199999999999999,6
2026-01,えた,4.0,4
2026-01,えたじゃん,4.0,4
2026-01,おすすめ,4.0,4
2026-01,くない,4.0,4
2026-01,したら,4.0,4
2026-01,してみる,4.0,4
2026-01,そのまま,4.0,4
2026-01,それでもあなたは,4.0,4
2026-01,ってなんだ,4.0,4
2026-01,づいた,4.0,4
2026-01,として,4.0,4
2026-01,みを,4.0,4
2026-01,われた,4.0,4
2026-01,サーバー,4.0,4
2026-01,テスト,4.0,4
2026-01,プログラミング,4.0,4
2026-01,モデル,4.0,4
2026-01,並列開発,4.0,4
2026-01,仕組,4.0,4
2026-01,個人開発,4.0,4
2026-01,先輩,4.0,4
2026-01,前教,4.0,4
2026-01,劇的,4.0,4
2026-01,勉強,4.0,4
2026-01,危険性,4.0,4
2026-01,対策,4.0,4
2026-01,徹底解説,4.0,4
2026-01,次世代,4.0,4
2026-01,起動,4.0,4
2026-01,ベース,4.0,3
2026-01,管理,4.0,3
2026-01,agent,3.5,5
2026-01,docker,3.5,5
2026-01,excel,3.5,5
2026-01,ga4,3.5,5
2026-01,llm,3.5,5
2026-01,ipa,3.5,3
2026-01,いらずで,3.0,3
2026-01,がったので,3.0,3
2026-01,ごと,3.0,3
2026-01,させてくれ,3.0,3
2026-01,している,3.0,3
2026-01,しながら,3.0,3
2026-01,しました,3.0,3
2026-01,すと,3.0,3
2026-01,たない,3.0,3
2026-01,ったら,3.0,3
2026-01,っぽい,3.0,3
2026-01,できる,3.0,3
2026-01,でできる,3.0,3
2026-01,でやるべき,3.0,3
2026-01,でらくらく,3.0,3
2026-01,なし,3.0,3
2026-01,なぜあの,3.0,3
2026-01,にして,3.0,3
2026-01,による,3.0,3
2026-01,のために,3.0,3
2026-01,のための,3.0,3
2026-01,はまだ,3.0,3
2026-01,ひたすら,3.0,3
2026-01,べる,3.0,3
2026-01,まる,3.0,3
2026-01,まるのか,3.0,3
2026-01,るべき,3.0,3
2026-01,れない,3.0,3
2026-01,アイコン,3.0,3
2026-01,アシスタント,3.0,3
2026-01,インターフェイス,3.0,3
2026-01,オフィス,3.0,3
2026-01,オブジェクト,3.0,3
2026-01,クラウド,3.0,3
2026-01,コツ,3.0,3
2026-01,コンテナ,3.0,3
2026-01,コンピューターグラフィックス,3.0,3
2026-01,スムーススクロール,3.0,3
2026-01,チャット,3.0,3
2026-01,チュートリアル,3.0,3
2026-01,ツール,3.0,3
2026-01,ディベート,3.0,3
2026-01,デザイン,3.0,3
2026-01,デプロイ,3.0,3
2026-01,フル,3.0,3
2026-01,フルスタックアプリ,3.0,3
2026-01,プリント,3.0,3
2026-01,ペネトレーションテスト,3.0,3
2026-01,メイン,3.0,3
2026-01,メール,3.0,3
2026-01,モード,3.0,3
2026-01,リファレンス,3.0,3
2026-01,リリース,3.0,3
2026-01,レポート,3.0,3
2026-01,一括,3.0,3
2026-01,主要,3.0,3
2026-01,事業貢献,3.0,3
2026-01,仕上,3.0,3
2026-01,価値,3.0,3
2026-01,全体像,3.0,3
2026-01,初心者完全版,3.0,3
2026-01,利用,3.0,3
2026-01,前編,3.0,3
2026-01,半月,3.0,3
2026-01,可能,3.0,3
2026-01,可視化,3.0,3
2026-01,基礎,3.0,3
2026-01,外国人,3.0,3
2026-01,外部利用,3.0,3
2026-01,大学生,3.0,3
2026-01,実務,3.0,3
2026-01,実装,3.0,3
2026-01,実践編,3.0,3
2026-01,小技,3.0,3
2026-01,就職活動,3.0,3
2026-01,年最新,3.0,3
2026-01,影響力,3.0,3
2026-01,役割,3.0,3
2026-01,必要,3.0,3
2026-01,意外,3.0,3
2026-01,指向,3.0,3
2026-01,操作編,3.0,3
2026-01,数学,3.0,3
2026-01,最強,3.0,3
2026-01,最新,3.0,3
2026-01,最適化,3.0,3
2026-01,案件,3.0,3
2026-01,法則,3.0,3
2026-01,現代開発,3.0,3
2026-01,理解,3.0,3
2026-01,環境,3.0,3
2026-01,登場,3.0,3
2026-01,登壇,3.0,3
2026-01,翻訳,3.0,3
2026-01,自慢,3.0,3
2026-01,表示,3.0,3
2026-01,視点,3.0,3
2026-01,言語,3.0,3
2026-01,設備,3.0,3
2026-01,試験対策,3.0,3
2026-01,認証,3.0,3
2026-01,進化,3.0,3
2026-01,適用,3.0,3
2026-01,鉄緑,3.0,3
2026-01,開発者,3.0,3
2026-01,非公式,3.0,3
2026-01,駆動開発,3.0,3
2026-01,agentcore,2.8,4
2026-01,api,2.8,4
2026-01,bedrock,2.8,4
2026-01,bob,2.8,4
2026-01,cli,2.8,4
2026-01,git-worktree-runner,2.8,4
2026-01,gtr,2.8,4
2026-01,ibm,2.8,4
2026-01,markdown,2.8,4
2026-01,pencil,2.8,4
2026-01,python,2.8,4
2026-01,react,2.8,4
2026-01,id,2.8,2
2026-01,boolean,2.0999999999999996,3
2026-01,cdk,2.0999999999999996,3
2026-01,crtp,2.0999999999999996,3
2026-01,dgx,2.0999999999999996,3
2026-01,figma,2.0999999999999996,3
2026-01,ga,2.0999999999999996,3
2026-01,github,2.0999999999999996,3
2026-01,google,2.0999999999999996,3
2026-01,hot,2.0999999999999996,3
2026-01,ios/android,2.0999999999999996,3
2026-01,js,2.0999999999999996,3
2026-01,langgraph+,2.0999999999999996,3
2026-01,lists,2.0999999999999996,3
2026-01,mac,2.0999999999999996,3
2026-01,macos,2.0999999999999996,3
2026-01,playwright,2.0999999999999996,3
2026-01,rag,2.0999999999999996,3
2026-01,runtime,2.0999999999999996,3
2026-01,saa-c03,2.0999999999999996,3
2026-01,server,2.0999999999999996,3
2026-01,sharepoint,2.0999999999999996,3
2026-01,spark,2.0999999999999996,3
2026-01,svg,2.0999999999999996,3
2026-01,swap,2.0999999999999996,3
2026-01,typescript/hono/docker-compose,2.0999999999999996,3
2026-01,view,2.0999999999999996,3
2026-01,vpn,2.0999999999999996,3
2026-01,wayland,2.0999999999999996,3
2026-01,wireguard,2.0999999999999996,3
2026-01,いすんな,2.0,2
2026-01,いたしました,2.0,2
2026-01,えてる,2.0,2
2026-01,えられる,2.0,2
2026-01,えるからって,2.0,2
2026-01,おい,2.0,2
2026-01,がでた,2.0,2
2026-01,がよさそうなので,2.0,2
2026-01,けに,2.0,2
2026-01,げる,2.0,2
2026-01,させてみた,2.0,2
2026-01,されたので,2.0,2
2026-01,される,2.0,2
2026-01,してるの,2.0,2
2026-01,しなきゃ,2.0,2
2026-01,しろ,2.0,2
2026-01,しを,2.0,2
2026-01,じた,2.0,2
2026-01,じゅ,2.0,2
2026-01,すぐ,2.0,2
2026-01,することができる,2.0,2
2026-01,だと,2.0,2
2026-01,っていう,2.0,2
2026-01,っておくべき,2.0,2
2026-01,ってみて,2.0,2
2026-01,ってみる,2.0,2
2026-01,つい,2.0,2
2026-01,つなげる,2.0,2
2026-01,てくる,2.0,2
2026-01,でも,2.0,2
2026-01,でわかった,2.0,2
2026-01,といっしょに,2.0,2
2026-01,どの,2.0,2
2026-01,なくなるんじゃないか,2.0,2
2026-01,なぜ,2.0,2
2026-01,における,2.0,2
2026-01,にて,2.0,2
2026-01,になったので,2.0,2
2026-01,になりつつある,2.0,2
2026-01,ばされたくない,2.0,2
2026-01,ぶべきかわからなかった,2.0,2
2026-01,への,2.0,2
2026-01,まずは,2.0,2
2026-01,ませる,2.0,2
2026-01,みに,2.0,2
2026-01,めたら,2.0,2
2026-01,やったほうがいい,2.0,2
2026-01,よくわからずに,2.0,2
2026-01,れがちな,2.0,2
2026-01,をこなすほど,2.0,2
2026-01,をつく,2.0,2
2026-01,をつけられるのか,2.0,2
2026-01,んだ,2.0,2
2026-01,アカウント,2.0,2
2026-01,アプリケーション,2.0,2
2026-01,アプリケーションフレームワーク,2.0,2
2026-01,アラート,2.0,2
2026-01,インスタンスグループ,2.0,2
2026-01,エラー,2.0,2
2026-01,カスタム,2.0,2
2026-01,カテゴリ,2.0,2
2026-01,クロス,2.0,2
2026-01,サイト,2.0,2
2026-01,サヨナラ,2.0,2
2026-01,システム,2.0,2
2026-01,ショートカット,2.0,2
2026-01,ストック,2.0,2
2026-01,スライド,2.0,2
2026-01,スラッシュコマンド,2.0,2
2026-01,ゼロ,2.0,2
2026-01,チャレンジ,2.0,2
2026-01,テクニック,2.0,2
2026-01,テーブル,2.0,2
2026-01,デザイナー,2.0,2
2026-01,バズ,2.0,2
2026-01,ビルド,2.0,2
2026-01,フレッツ,2.0,2
2026-01,プロジェクトマネージャ,2.0,2
2026-01,ページ,2.0,2
2026-01,ホームディレクトリ,2.0,2
2026-01,ボイスクローン,2.0,2
2026-01,マルチ,2.0,2
2026-01,マルチチャット,2.0,2
2026-01,ミス,2.0,2
2026-01,リアルタイムシステム,2.0,2
2026-01,ルータ,2.0,2
2026-01,レイテンシ,2.0,2
2026-01,レビュー,2.0,2
2026-01,ロングゲーム,2.0,2
2026-01,ロードマップ,2.0,2
2026-01,ローマ,2.0,2
2026-01,ヴァイブコーディング,2.0,2
2026-01,一覧,2.0,2
2026-01,不備,2.0,2
2026-01,中身,2.0,2
2026-01,中間,2.0,2
2026-01,丸裸,2.0,2
2026-01,事前準備編,2.0,2
2026-01,人生,2.0,2
2026-01,会員制,2.0,2
2026-01,保存,2.0,2
2026-01,元経理,2.0,2
2026-01,入門,2.0,2
2026-01,全部,2.0,2
2026-01,公式,2.0,2
2026-01,再編,2.0,2
2026-01,分析,2.0,2
2026-01,加速,2.0,2
2026-01,勘違,2.0,2
2026-01,協働,2.0,2
2026-01,収集,2.0,2
2026-01,合格戦略,2.0,2
2026-01,商品情報,2.0,2
2026-01,回金融,2.0,2
2026-01,図解,2.0,2
2026-01,基本,2.0,2
2026-01,変換,2.0,2
2026-01,外挿,2.0,2
2026-01,大変,2.0,2
2026-01,字改造生活,2.0,2
2026-01,学習,2.0,2
2026-01,学習域外,2.0,2
2026-01,完全攻略,2.0,2
2026-01,定義,2.0,2
2026-01,実案件,2.0,2
2026-01,実績,2.0,2
2026-01,実践,2.0,2
2026-01,実際,2.0,2
2026-01,実験的,2.0,2
2026-01,専用,2.0,2
2026-01,年版,2.0,2
2026-01,幻覚対策,2.0,2
2026-01,廃止,2.0,2
2026-01,形式,2.0,2
2026-01,応用情報,2.0,2
2026-01,手軽,2.0,2
2026-01,拡張機能,2.0,2
2026-01,指摘,2.0,2
2026-01,指示,2.0,2
2026-01,改善,2.0,2
2026-01,新機能全部解説,2.0,2
2026-01,日刊,2.0,2
2026-01,最前線,2.0,2
2026-01,最速,2.0,2
2026-01,本当,2.0,2
2026-01,本格化,2.0,2
2026-01,検知,2.0,2
2026-01,検証,2.0,2
2026-01,業務効率,2.0,2
2026-01,極意,2.0,2
2026-01,標的型,2.0,2
2026-01,毎日投稿,2.0,2
2026-01,活用,2.0,2
2026-01,無償版,2.0,2
2026-01,現実,2.0,2
2026-01,生産性,2.0,2
2026-01,画像生成機能,2.0,2
2026-01,知識,2.0,2
2026-01,短期思考,2.0,2
2026-01,究極,2.0,2
2026-01,第一歩,2.0,2
2026-01,簡易,2.0,2
2026-01,素人,2.0,2
2026-01,絶対,2.0,2
2026-01,総括,2.0,2
2026-01,自分好,2.0,2
2026-01,自動化,2.0,2
2026-01,自動承認,2.0,2
2026-01,自律型,2.0,2
2026-01,複数,2.0,2
2026-01,見抜,2.0,2
2026-01,解決,2.0,2
2026-01,言葉,2.0,2
2026-01,訓練,2.0,2
2026-01,記法,2.0,2
2026-01,設定,2.0,2
2026-01,診断,2.0,2
2026-01,証明書,2.0,2
2026-01,資料公開,2.0,2
2026-01,資格,2.0,2
2026-01,逆算,2.0,2
2026-01,速報,2.0,2
2026-01,連携,2.0,2
2026-01,違反,2.0,2
2026-01,選択時,2.0,2
2026-01,配色,2.0,2
2026-01,開催,2.0,2
2026-01,防止,2.0,2
2026-01,音声,2.0,2
2026-01,高度区分試験攻略法,2.0,2
2026-01,合成,2.0,1
2026-01,ag,1.4,2
2026-01,agenttemplate,1.4,2
2026-01,amodei,1.4,2
2026-01,app,1.4,2
2026-01,awk,1.4,2
2026-01,azure,1.4,2
2026-01,builder,1.4,2
2026-01,ca,1.4,2
2026-01,chat,1.4,2
2026-01,check-before-suggest,1.4,2
2026-01,chrome,1.4,2
2026-01,chromeos,1.4,2
2026-01,codex,1.4,2
2026-01,csp,1.4,2
2026-01,csv,1.4,2
2026-01,ctf,1.4,2
2026-01,database,1.4,2
2026-01,datarobot,1.4,2
2026-01,delphi,1.4,2
2026-01,discord,1.4,2
2026-01,ec,1.4,2
2026-01,es2026,1.4,2
2026-01,fast,1.4,2
2026-01,fdua,1.4,2
2026-01,feature,1.4,2
2026-01,files,1.4,2
2026-01,flex,1.4,2
2026-01,from,1.4,2
2026-01,gcp,1.4,2
2026-01,generative,1.4,2
2026-01,gpt,1.4,2
2026-01,grace,1.4,2
2026-01,grep,1.4,2
2026-01,grid,1.4,2
2026-01,hallucination,1.4,2
2026-01,ietf,1.4,2
2026-01,install,1.4,2
2026-01,ios,1.4,2
2026-01,iot,1.4,2
2026-01,it,1.4,2
2026-01,javascript,1.4,2
2026-01,jf,1.4,2
2026-01,jose/cose,1.4,2
2026-01,liberty,1.4,2
2026-01,localhost,1.4,2
2026-01,loving,1.4,2
2026-01,m4,1.4,2
2026-01,machines,1.4,2
2026-01,mailchimp,1.4,2
2026-01,marp,1.4,2
2026-01,max,1.4,2
2026-01,mini,1.4,2
2026-01,mkcert,1.4,2
2026-01,next.js,1.4,2
2026-01,note,1.4,2
2026-01,notebooklm,1.4,2
2026-01,of,1.4,2
2026-01,ok,1.4,2
2026-01,openai,1.4,2
2026-01,oracle,1.4,2
2026-01,pandas,1.4,2
2026-01,pc,1.4,2
2026-01,pdf,1.4,2
2026-01,pip,1.4,2
2026-01,pj,1.4,2
2026-01,pm,1.4,2
2026-01,pqc,1.4,2
2026-01,proxmox/ubuntu,1.4,2
2026-01,qwen3-tts,1.4,2
2026-01,sandboxes,1.4,2
2026-01,selenium,1.4,2
2026-01,sentry,1.4,2
2026-01,skill,1.4,2
2026-01,skills,1.4,2
2026-01,sort,1.4,2
2026-01,summit,1.4,2
2026-01,tts,1.4,2
2026-01,ui,1.4,2
2026-01,uniq,1.4,2
2026-01,vault,1.4,2
2026-01,vcl,1.4,2
2026-01,vs,1.4,2
2026-01,web,1.4,2
2026-01,websphere,1.4,2
2026-01,xe,1.4,2
2026-01,clf,1.4,1
2026-01,kiro,1.4,1
2026-01,あぶね,1.0,1
2026-01,あまり,1.0,1
2026-01,いい,1.0,1
2026-01,いた,1.0,1
2026-01,いたらこうなった,1.0,1
2026-01,いて,1.0,1
2026-01,いので,1.0,1
2026-01,いを,1.0,1
2026-01,うときに,1.0,1
2026-01,えてみた,1.0,1
2026-01,えるほど,1.0,1
2026-01,えるようにする,1.0,1
2026-01,かしてみた,1.0,1
2026-01,かった,1.0,1
2026-01,かったのでまとめてみた,1.0,1
2026-01,からない,1.0,1
2026-01,かれないように,1.0,1
2026-01,があった,1.0,1
2026-01,がありますか,1.0,1
2026-01,がいつか,1.0,1
2026-01,がごちゃつく,1.0,1
2026-01,がなくても,1.0,1
2026-01,きていける,1.0,1
2026-01,きのこの,1.0,1
2026-01,きをつけてみた,1.0,1
2026-01,けまとめ,1.0,1
2026-01,けるための,1.0,1
2026-01,さないのはどういう,1.0,1
2026-01,しい,1.0,1
2026-01,しくなる,1.0,1
2026-01,していく,1.0,1
2026-01,してみよう,1.0,1
2026-01,してもらう,1.0,1
2026-01,しなくなるまでの,1.0,1
2026-01,じの,1.0,1
2026-01,すぎて,1.0,1
2026-01,すために,1.0,1
2026-01,すね,1.0,1
2026-01,すること,1.0,1
2026-01,するときの,1.0,1
2026-01,せるようになった,1.0,1
2026-01,それでも,1.0,1
2026-01,たけのこの,1.0,1
2026-01,ために,1.0,1
2026-01,だけで,1.0,1
2026-01,だそうな,1.0,1
2026-01,ちさせる,1.0,1
2026-01,ちょっと,1.0,1
2026-01,っていたのか,1.0,1
2026-01,ってきました,1.0,1
2026-01,ってみた,1.0,1
2026-01,ついに,1.0,1
2026-01,つの,1.0,1
2026-01,では,1.0,1
2026-01,という,1.0,1
2026-01,としての,1.0,1
2026-01,とは,1.0,1
2026-01,とはなんぞや,1.0,1
2026-01,など,1.0,1
2026-01,なのに,1.0,1
2026-01,なら,1.0,1
2026-01,にそのまま,1.0,1
2026-01,について,1.0,1
2026-01,になった,1.0,1
2026-01,になるのか,1.0,1
2026-01,になるまでの,1.0,1
2026-01,にもおすすめ,1.0,1
2026-01,はいかにして,1.0,1
2026-01,はどうなの,1.0,1
2026-01,はどこの,1.0,1
2026-01,ひとり,1.0,1
2026-01,ほぼ,1.0,1
2026-01,ぼう,1.0,1
2026-01,までに,1.0,1
2026-01,みの,1.0,1
2026-01,めての,1.0,1
2026-01,められる,1.0,1
2026-01,らす,1.0,1
2026-01,られる,1.0,1
2026-01,りを,1.0,1
2026-01,れた,1.0,1
2026-01,れて,1.0,1
2026-01,れられるようになりました,1.0,1
2026-01,れる,1.0,1
2026-01,ろう,1.0,1
2026-01,わらせない,1.0,1
2026-01,わるのが,1.0,1
2026-01,われる,1.0,1
2026-01,をつけておこう,1.0,1
2026-01,をまとめてみた,1.0,1
2026-01,アラインメント,1.0,1
2026-01,インフラ,1.0,1
2026-01,キャバクラ,1.0,1
2026-01,クリエイティブエージェント,1.0,1
2026-01,コスト,1.0,1
2026-01,コミット,1.0,1
2026-01,コレクション,1.0,1
2026-01,コーディング,1.0,1
2026-01,ジョークサイト,1.0,1
2026-01,スキル,1.0,1
2026-01,スコープ,1.0,1
2026-01,ススメ,1.0,1
2026-01,ステアリング,1.0,1
2026-01,スペック,1.0,1
2026-01,セキュリティチェックリスト,1.0,1
2026-01,セットアップ,1.0,1
2026-01,ソフトウェア,1.0,1
2026-01,ソースコード,1.0,1
2026-01,タイミング,1.0,1
2026-01,タスク,1.0,1
2026-01,ダブルクリック,1.0,1
2026-01,テクニカル,1.0,1
2026-01,テストコード,1.0,1
2026-01,ドキュメント,1.0,1
2026-01,ドラゴン,1.0,1
2026-01,ナレッジ,1.0,1
2026-01,ネスペ,1.0,1
2026-01,ハードウェア,1.0,1
2026-01,パラメーター,1.0,1
2026-01,ビットパソコン,1.0,1
2026-01,ファインチューニングパイプライン,1.0,1
2026-01,フォルダ,1.0,1
2026-01,フルスタック,1.0,1
2026-01,ブラウザ,1.0,1
2026-01,ブログ,1.0,1
2026-01,プロトコル,1.0,1
2026-01,プロバイダー,1.0,1
2026-01,プロンプト,1.0,1
2026-01,ボーイ,1.0,1
2026-01,ポエム,1.0,1
2026-01,ポケモン,1.0,1
2026-01,ポーリング,1.0,1
2026-01,マクロ,1.0,1
2026-01,ミニ,1.0,1
2026-01,メガバンク,1.0,1
2026-01,メモ,1.0,1
2026-01,メモリ,1.0,1
2026-01,メモリバリア,1.0,1
2026-01,メモリマップド,1.0,1
2026-01,ユーザー,1.0,1
2026-01,ユースケース,1.0,1
2026-01,ランサムウェア,1.0,1
2026-01,ランタイム,1.0,1
2026-01,リアル,1.0,1
2026-01,リスト,1.0,1
2026-01,リセット,1.0,1
2026-01,リーダー,1.0,1
2026-01,ログイン,1.0,1
2026-01,ロボット,1.0,1
2026-01,ローディングアニメーション,1.0,1
2026-01,一発,1.0,1
2026-01,万件,1.0,1
2026-01,万台,1.0,1
2026-01,万行,1.0,1
2026-01,不安,1.0,1
2026-01,世界初,1.0,1
2026-01,予測,1.0,1
2026-01,事件,1.0,1
2026-01,互換,1.0,1
2026-01,仕様書,1.0,1
2026-01,付箋並,1.0,1
2026-01,以外,1.0,1
2026-01,修飾子,1.0,1
2026-01,個人,1.0,1
2026-01,個人用,1.0,1
2026-01,写真採点,1.0,1
2026-01,出力,1.0,1
2026-01,分業,1.0,1
2026-01,分話,1.0,1
2026-01,初心者,1.0,1
2026-01,初選出,1.0,1
2026-01,利用状況,1.0,1
2026-01,制御,1.0,1
2026-01,原則,1.0,1
2026-01,合格,1.0,1
2026-01,合格体験記,1.0,1
2026-01,問題,1.0,1
2026-01,回転,1.0,1
2026-01,国際規格,1.0,1
2026-01,地図,1.0,1
2026-01,基本情報,1.0,1
2026-01,大脅威,1.0,1
2026-01,大規模実験,1.0,1
2026-01,大阪,1.0,1
2026-01,失敗談,1.0,1
2026-01,完全理解,1.0,1
2026-01,定期的,1.0,1
2026-01,実装時,1.0,1
2026-01,実話,1.0,1
2026-01,実践的,1.0,1
2026-01,工程,1.0,1
2026-01,市区町村対抗,1.0,1
2026-01,年最大,1.0,1
2026-01,年目,1.0,1
2026-01,必読論文,1.0,1
2026-01,恐怖,1.0,1
2026-01,意味,1.0,1
2026-01,成功,1.0,1
2026-01,成長記録,1.0,1
2026-01,手元,1.0,1
2026-01,手戻,1.0,1
2026-01,手法,1.0,1
2026-01,技術,1.0,1
2026-01,操作不要,1.0,1
2026-01,支援士,1.0,1
2026-01,改良点,1.0,1
2026-01,攻撃,1.0,1
2026-01,攻撃面,1.0,1
2026-01,文字列,1.0,1
2026-01,料金計算,1.0,1
2026-01,日本語,1.0,1
2026-01,日記,1.0,1
2026-01,日間,1.0,1
2026-01,映画館,1.0,1
2026-01,暗記,1.0,1
2026-01,曲線,1.0,1
2026-01,最優先,1.0,1
2026-01,最後,1.0,1
2026-01,最適,1.0,1
2026-01,最適解,1.0,1
2026-01,月額,1.0,1
2026-01,未経験,1.0,1
2026-01,本気,1.0,1
2026-01,株価,1.0,1
2026-01,検索画面,1.0,1
2026-01,構造,1.0,1
2026-01,注意,1.0,1
2026-01,活動,1.0,1
2026-01,深層,1.0,1
2026-01,混乱,1.0,1
2026-01,無料,1.0,1
2026-01,爆速,1.0,1
2026-01,現場,1.0,1
2026-01,用語理解,1.0,1
2026-01,画像,1.0,1
2026-01,目次,1.0,1
2026-01,真実,1.0,1
2026-01,知見,1.0,1
2026-01,研究,1.0,1
2026-01,社員,1.0,1
2026-01,神奈川,1.0,1
2026-01,移行,1.0,1
2026-01,純粋,1.0,1
2026-01,組織,1.0,1
2026-01,結婚式,1.0,1
2026-01,維持費,1.0,1
2026-01,緊急投稿,1.0,1
2026-01,編集,1.0,1
2026-01,脅迫,1.0,1
2026-01,腹落,1.0,1
2026-01,自作,1.0,1
2026-01,自動生成,1.0,1
2026-01,自己注意,1.0,1
2026-01,複数使,1.0,1
2026-01,要件定義,1.0,1
2026-01,解釈性,1.0,1
2026-01,設計,1.0,1
2026-01,設計不在,1.0,1
2026-01,認可,1.0,1
2026-01,認定,1.0,1
2026-01,通用,1.0,1
2026-01,通知,1.0,1
2026-01,連敗,1.0,1
2026-01,達成,1.0,1
2026-01,金融,1.0,1
2026-01,限界,1.0,1
2026-01,面白,1.0,1
2026-01,高卒,1.0,1
2026-01,adguard,0.7,1
2026-01,agentic,0.7,1
2026-01,agents,0.7,1
2026-01,amplify,0.7,1
2026-01,analytics,0.7,1
2026-01,apple,0.7,1
2026-01,apps,0.7,1
2026-01,architect,0.7,1
2026-01,aws12,0.7,1
2026-01,backend,0.7,1
2026-01,bin/bash,0.7,1
2026-01,buildercards,0.7,1
2026-01,builders,0.7,1
2026-01,certified,0.7,1
2026-01,cisco,0.7,1
2026-01,cline,0.7,1
2026-01,cloud,0.7,1
2026-01,community,0.7,1
2026-01,containerlab,0.7,1
2026-01,css,0.7,1
2026-01,cuda,0.7,1
2026-01,custom,0.7,1
2026-01,devise,0.7,1
2026-01,e2e,0.7,1
2026-01,egpu,0.7,1
2026-01,factory,0.7,1
2026-01,feedly,0.7,1
2026-01,first,0.7,1
2026-01,flash,0.7,1
2026-01,frontend,0.7,1
2026-01,gateway,0.7,1
2026-01,gemini,0.7,1
2026-01,genu,0.7,1
2026-01,i/o,0.7,1
2026-01,ignite,0.7,1
2026-01,impression,0.7,1
2026-01,iol,0.7,1
2026-01,jquery,0.7,1
2026-01,json,0.7,1
2026-01,key,0.7,1
2026-01,lambda,0.7,1
2026-01,langchain,0.7,1
2026-01,langgraph,0.7,1
2026-01,leader,0.7,1
2026-01,line,0.7,1
2026-01,llama,0.7,1
2026-01,map,0.7,1
2026-01,mastra,0.7,1
2026-01,mind,0.7,1
2026-01,next.js+turbopack,0.7,1
2026-01,nginx,0.7,1
2026-01,oauth/oidc/saml,0.7,1
2026-01,on,0.7,1
2026-01,part2,0.7,1
2026-01,plan,0.7,1
2026-01,power,0.7,1
2026-01,prism,0.7,1
2026-01,private,0.7,1
2026-01,professional,0.7,1
2026-01,rails,0.7,1
2026-01,rss,0.7,1
2026-01,ruby,0.7,1
2026-01,ryzen,0.7,1
2026-01,sdk,0.7,1
2026-01,self-attention,0.7,1
2026-01,servers,0.7,1
2026-01,service,0.7,1
2026-01,settings.json,0.7,1
2026-01,silicon,0.7,1
2026-01,slm,0.7,1
2026-01,solid,0.7,1
2026-01,solutions,0.7,1
2026-01,sso,0.7,1
2026-01,symbol-sdk,0.7,1
2026-01,t/s,0.7,1
2026-01,transformer,0.7,1
2026-01,trusttunnel,0.7,1
2026-01,typescript,0.7,1
2026-01,ubuntu,0.7,1
2026-01,ufo,0.7,1
2026-01,unity,0.7,1
2026-01,url,0.7,1
2026-01,v3,0.7,1
2026-01,vision,0.7,1
2026-01,volatile,0.7,1
2026-01,vscode,0.7,1
2026-01,wsl,0.7,1
2026-01,xr,0.7,1
2026-01,yolo26,0.7,1
2026-01,z80,0.7,1
2026-02,する,158.0,152
2026-02,ai,109.2,145
2026-02,claude,74.2,106
2026-02,code,67.2,96
2026-02,した,63.0,61
2026-02,エンジニア,49.0,49
2026-02,から,44.0,44
2026-02,った,42.0,39
2026-02,してみた,41.0,41
2026-02,開発,40.0,40
2026-02,aws,38.5,54
2026-02,エージェント,36.0,35
2026-02,して,35.0,35
2026-02,方法,35.0,35
2026-02,アプリ,29.0,28
2026-02,agent,28.0,40
2026-02,える,28.0,28
2026-02,ツール,28.0,28
2026-02,ってみた,26.0,26
2026-02,copilot,25.9,34
2026-02,mcp,25.9,31
2026-02,実装,25.0,25
2026-02,記事,25.0,25
2026-02,teams,24.5,35
2026-02,セキュリティ,24.0,24
2026-02,自動化,24.0,24
2026-02,しました,23.0,23
2026-02,って,23.0,23
2026-02,生成,23.0,23
2026-02,ガイド,22.0,22
2026-02,トレンド,22.0,22
2026-02,公式,22.0,20
2026-02,構築,20.0,20
2026-02,モデル,20.0,18
2026-02,理由,19.0,19
2026-02,github,18.9,27
2026-02,gemini,18.2,26
2026-02,今日,18.0,18
2026-02,python,17.5,25
2026-02,作成,17.0,17
2026-02,整理,17.0,17
2026-02,google,16.099999999999998,23
2026-02,つの,16.0,16
2026-02,なぜ,16.0,16
2026-02,める,16.0,16
2026-02,コード,16.0,16
2026-02,時代,16.0,16
2026-02,データ,16.0,15
2026-02,レビュー,16.0,13
2026-02,言語,16.0,12
2026-02,について,15.0,15
2026-02,実現,15.0,15
2026-02,理解,15.0,15
2026-02,結局,15.0,15
2026-02,ログ,15.0,13
2026-02,公開,15.0,13
2026-02,skills,14.0,20
2026-02,こう,14.0,14
2026-02,だけで,14.0,14
2026-02,ネットワーク,14.0,14
2026-02,ポッドキャスト,14.0,14
2026-02,マクロ,14.0,14
2026-02,便利,14.0,14
2026-02,個人開発,14.0,14
2026-02,入門,14.0,14
2026-02,技術,14.0,14
2026-02,経済学入門,14.0,14
2026-02,仕事,13.0,13
2026-02,年版,13.0,13
2026-02,最強,13.0,13
2026-02,管理,13.0,13
2026-02,qiita,12.6,18
2026-02,web,12.6,18
2026-02,codex,12.6,15
2026-02,しい,12.0,12
2026-02,ドキュメント,12.0,12
2026-02,検証,12.0,12
2026-02,画像,12.0,12
2026-02,設定,12.0,12
2026-02,ったら,11.0,11
2026-02,できる,11.0,11
2026-02,のための,11.0,11
2026-02,ローカル,11.0,11
2026-02,実践,11.0,11
2026-02,進化,11.0,11
2026-02,プログラミング,11.0,9
2026-02,報告,11.0,7
2026-02,api,10.5,15
2026-02,bedrock,10.5,15
2026-02,llm,10.5,15
2026-02,lambda,10.5,12
2026-02,kiro,10.5,10
2026-02,だった,10.0,10
2026-02,での,10.0,10
2026-02,まとめ,10.0,10
2026-02,コスト,10.0,10
2026-02,スライド,10.0,10
2026-02,チーム,10.0,10
2026-02,プロンプト,10.0,10
2026-02,レポート,10.0,10
2026-02,仕組,10.0,10
2026-02,利用,10.0,10
2026-02,拡張機能,10.0,10
2026-02,自動生成,10.0,10
2026-02,設計思想,10.0,10
2026-02,日報,10.0,6
2026-02,microsoft,9.799999999999999,14
2026-02,opus,9.799999999999999,14
2026-02,rails,9.799999999999999,14
2026-02,strands,9.799999999999999,14
2026-02,vs,9.799999999999999,14
2026-02,ui,9.1,13
2026-02,との,9.0,9
2026-02,んだ,9.0,9
2026-02,システム,9.0,9
2026-02,スキル,9.0,9
2026-02,テスト,9.0,9
2026-02,デザイン,9.0,9
2026-02,リリース,9.0,9
2026-02,ルール,9.0,9
2026-02,徹底解説,9.0,9
2026-02,自分,9.0,9
2026-02,運用,9.0,9
2026-02,駆動開発,9.0,9
2026-02,うのか,8.0,8
2026-02,された,8.0,8
2026-02,したら,8.0,8
2026-02,では,8.0,8
2026-02,として,8.0,8
2026-02,になった,8.0,8
2026-02,による,8.0,8
2026-02,のか,8.0,8
2026-02,のきほんで,8.0,8
2026-02,まってしまう,8.0,8
2026-02,コマンド,8.0,8
2026-02,コーディング,8.0,8
2026-02,サブエージェント,8.0,8
2026-02,チャット,8.0,8
2026-02,デプロイ,8.0,8
2026-02,パワポ,8.0,8
2026-02,制御,8.0,8
2026-02,前編,8.0,8
2026-02,勉強,8.0,8
2026-02,参加記,8.0,8
2026-02,新人,8.0,8
2026-02,死角,8.0,8
2026-02,環境,8.0,6
2026-02,きたい,8.0,5
2026-02,キー,8.0,4
2026-02,詐欺,8.0,4
2026-02,bright,7.7,11
2026-02,data,7.7,11
2026-02,amazon,7.699999999999999,11
2026-02,cli,7.699999999999999,11
2026-02,cursor,7.699999999999999,11
2026-02,agentcore,7.699999999999999,10
2026-02,n8n,7.0,10
2026-02,tcp/ip,7.0,10
2026-02,windows,7.0,10
2026-02,いた,7.0,7
2026-02,こそ,7.0,7
2026-02,とは,7.0,7
2026-02,になりました,7.0,7
2026-02,めて,7.0,7
2026-02,わる,7.0,7
2026-02,をお,7.0,7
2026-02,オブジェクト,7.0,7
2026-02,コンテキスト,7.0,7
2026-02,メモ,7.0,7
2026-02,ワークフロー,7.0,7
2026-02,分析,7.0,7
2026-02,初心者向,7.0,7
2026-02,判定,7.0,7
2026-02,対策,7.0,7
2026-02,攻撃,7.0,7
2026-02,構成,7.0,7
2026-02,様子見,7.0,7
2026-02,自動,7.0,7
2026-02,複数,7.0,7
2026-02,解説,7.0,7
2026-02,設計,7.0,7
2026-02,音楽生成,7.0,7
2026-02,hello,7.0,6
2026-02,サイト,7.0,5
2026-02,chatgpt,6.3,9
2026-02,draw.io,6.3,9
2026-02,oci,6.3,9
2026-02,rag,6.3,9
2026-02,s3,6.3,9
2026-02,azure,6.3,7
2026-02,がないから,6.0,6
2026-02,ける,6.0,6
2026-02,したい,6.0,6
2026-02,その,6.0,6
2026-02,でも,6.0,6
2026-02,なのか,6.0,6
2026-02,における,6.0,6
2026-02,にこそ,6.0,6
2026-02,はなぜ,6.0,6
2026-02,への,6.0,6
2026-02,までの,6.0,6
2026-02,をさくっと,6.0,6
2026-02,サーバー,6.0,6
2026-02,セミファイナル,6.0,6
2026-02,ファイル,6.0,6
2026-02,ブラウザ,6.0,6
2026-02,メール,6.0,6
2026-02,ユーザー,6.0,6
2026-02,リーダブルコード,6.0,6
2026-02,会話,6.0,6
2026-02,全貌,6.0,6
2026-02,再確認,6.0,6
2026-02,初心者,6.0,6
2026-02,勝手,6.0,6
2026-02,協働,6.0,6
2026-02,問題,6.0,6
2026-02,完全,6.0,6
2026-02,実例,6.0,6
2026-02,操作,6.0,6
2026-02,日本語,6.0,6
2026-02,書籍,6.0,6
2026-02,最新,6.0,6
2026-02,構造,6.0,6
2026-02,比較,6.0,6
2026-02,活用,6.0,6
2026-02,突破,6.0,6
2026-02,解決,6.0,6
2026-02,開発者,6.0,6
2026-02,関数,6.0,6
2026-02,駆動開発時代,6.0,6
2026-02,ベース,6.0,5
2026-02,アセンブリ,6.0,3
2026-02,ゲーム,6.0,3
2026-02,サイズ,6.0,3
2026-02,合成,6.0,3
2026-02,成長,6.0,3
2026-02,antigravity,5.6,8
2026-02,chrome,5.6,8
2026-02,next.js,5.6,8
2026-02,openclaw,5.6,8
2026-02,power,5.6,8
2026-02,ruby,5.6,8
2026-02,vscode,5.6,8
2026-02,in,5.6,6
2026-02,invent,5.6,6
2026-02,re,5.6,6
2026-02,server,5.6,5
2026-02,sharepoint,5.6,5
2026-02,foo,5.6,4
2026-02,いのか,5.0,5
2026-02,いを,5.0,5
2026-02,がある,5.0,5
2026-02,けない,5.0,5
2026-02,ごと,5.0,5
2026-02,しよう,5.0,5
2026-02,ている,5.0,5
2026-02,なし,5.0,5
2026-02,にする,5.0,5
2026-02,まで,5.0,5
2026-02,みを,5.0,5
2026-02,もう,5.0,5
2026-02,アクセス,5.0,5
2026-02,アップデート,5.0,5
2026-02,エディタ,5.0,5
2026-02,クラウド,5.0,5
2026-02,タスク,5.0,5
2026-02,チートシート,5.0,5
2026-02,ニュース,5.0,5
2026-02,バグ,5.0,5
2026-02,パイプライン,5.0,5
2026-02,ビジネス,5.0,5
2026-02,ポイント,5.0,5
2026-02,モード,5.0,5
2026-02,丸投,5.0,5
2026-02,作業,5.0,5
2026-02,使用,5.0,5
2026-02,修正,5.0,5
2026-02,再学習,5.0,5
2026-02,出力,5.0,5
2026-02,参加,5.0,5
2026-02,参照,5.0,5
2026-02,基本,5.0,5
2026-02,変換,5.0,5
2026-02,変更,5.0,5
2026-02,完成,5.0,5
2026-02,実行,5.0,5
2026-02,導入,5.0,5
2026-02,役割,5.0,5
2026-02,徹底比較,5.0,5
2026-02,文字列,5.0,5
2026-02,暗号化,5.0,5
2026-02,最新版,5.0,5
2026-02,検索,5.0,5
2026-02,構造体,5.0,5
2026-02,無料,5.0,5
2026-02,爆速,5.0,5
2026-02,発見,5.0,5
2026-02,直接,5.0,5
2026-02,経験,5.0,5
2026-02,結果,5.0,5
2026-02,設計書,5.0,5
2026-02,連携,5.0,5
2026-02,週間,5.0,5
2026-02,量子,5.0,5
2026-02,静的,5.0,5
2026-02,時間,5.0,3
2026-02,cline,4.9,7
2026-02,agentic,4.8999999999999995,7
2026-02,anthropic,4.8999999999999995,7
2026-02,apps,4.8999999999999995,7
2026-02,atcoder,4.8999999999999995,7
2026-02,markdown,4.8999999999999995,7
2026-02,notebooklm,4.8999999999999995,7
2026-02,react,4.8999999999999995,7
2026-02,studio,4.8999999999999995,7
2026-02,agents,4.199999999999999,6
2026-02,cloudflare,4.199999999999999,6
2026-02,cloudfront,4.199999999999999,6
2026-02,gas,4.199999999999999,6
2026-02,https,4.199999999999999,6
2026-02,new,4.199999999999999,6
2026-02,nvidia,4.199999999999999,6
2026-02,obsidian,4.199999999999999,6
2026-02,ollama,4.199999999999999,6
2026-02,relic,4.199999999999999,6
2026-02,slidev,4.199999999999999,6
2026-02,terraform,4.199999999999999,6
2026-02,docker,4.199999999999999,5
2026-02,php,4.199999999999999,3
2026-02,あなたの,4.0,4
2026-02,いから,4.0,4
2026-02,いつく,4.0,4
2026-02,いと,4.0,4
2026-02,えるだけで,4.0,4
2026-02,ができることをざっくり,4.0,4
2026-02,がなんか,4.0,4
2026-02,くし,4.0,4
2026-02,けまとめ,4.0,4
2026-02,さえるべき,4.0,4
2026-02,ざっくり,4.0,4
2026-02,してください,4.0,4
2026-02,してみる,4.0,4
2026-02,すだけで,4.0,4
2026-02,するか,4.0,4
2026-02,ちょっと,4.0,4
2026-02,っている,4.0,4
2026-02,できない,4.0,4
2026-02,です,4.0,4
2026-02,どんな,4.0,4
2026-02,なの,4.0,4
2026-02,にして,4.0,4
2026-02,になっていない,4.0,4
2026-02,にならないのか,4.0,4
2026-02,になる,4.0,4
2026-02,はここまで,4.0,4
2026-02,はまだ,4.0,4
2026-02,ぶべきだと,4.0,4
2026-02,べてみた,4.0,4
2026-02,めるとき,4.0,4
2026-02,やるべきこと,4.0,4
2026-02,れる,4.0,4
2026-02,わせ,4.0,4
2026-02,われたとき,4.0,4
2026-02,をきっかけに,4.0,4
2026-02,をなくす,4.0,4
2026-02,アプリケーション,4.0,4
2026-02,オフィスワーク,4.0,4
2026-02,キャラクター,4.0,4
2026-02,クエリ,4.0,4
2026-02,コミュニケーション,4.0,4
2026-02,コンテンツ,4.0,4
2026-02,シリアル,4.0,4
2026-02,シーキューブモデル,4.0,4
2026-02,スクリプト,4.0,4
2026-02,スクリーニング,4.0,4
2026-02,セルフコンパッション,4.0,4
2026-02,ダイアログ,4.0,4
2026-02,チケット,4.0,4
2026-02,テニプリ,4.0,4
2026-02,バイブコーディング,4.0,4
2026-02,ビジネスチャット,4.0,4
2026-02,ファインチューニング,4.0,4
2026-02,プロ,4.0,4
2026-02,プロトタイプ,4.0,4
2026-02,ページ,4.0,4
2026-02,ポップアップ,4.0,4
2026-02,マルチエージェント,4.0,4
2026-02,マルチエージェントリサーチシステム,4.0,4
2026-02,メッセージ,4.0,4
2026-02,レビューチェックリスト,4.0,4
2026-02,レベル,4.0,4
2026-02,人間,4.0,4
2026-02,個人宛,4.0,4
2026-02,全員,4.0,4
2026-02,再現,4.0,4
2026-02,写真,4.0,4
2026-02,出版,4.0,4
2026-02,分割,4.0,4
2026-02,初学者向,4.0,4
2026-02,卒業,4.0,4
2026-02,協調作業,4.0,4
2026-02,型定義,4.0,4
2026-02,学習,4.0,4
2026-02,安全,4.0,4
2026-02,実機,4.0,4
2026-02,実際,4.0,4
2026-02,対応,4.0,4
2026-02,対応脱属人化,4.0,4
2026-02,巨大,4.0,4
2026-02,後編,4.0,4
2026-02,必須,4.0,4
2026-02,応用,4.0,4
2026-02,恐怖,4.0,4
2026-02,悪用,4.0,4
2026-02,所感,4.0,4
2026-02,提供,4.0,4
2026-02,教訓,4.0,4
2026-02,新機能,4.0,4
2026-02,時短術,4.0,4
2026-02,更新,4.0,4
2026-02,本番,4.0,4
2026-02,概要,4.0,4
2026-02,模擬,4.0,4
2026-02,機密,4.0,4
2026-02,機械学習,4.0,4
2026-02,機能,4.0,4
2026-02,活用術,4.0,4
2026-02,特徴,4.0,4
2026-02,状況,4.0,4
2026-02,産業機器,4.0,4
2026-02,発信,4.0,4
2026-02,発表,4.0,4
2026-02,監視,4.0,4
2026-02,確認,4.0,4
2026-02,社内,4.0,4
2026-02,簡単,4.0,4
2026-02,精度,4.0,4
2026-02,純粋関数型言語,4.0,4
2026-02,統計学,4.0,4
2026-02,編集,4.0,4
2026-02,職務経歴書,4.0,4
2026-02,脆弱性,4.0,4
2026-02,自作,4.0,4
2026-02,自由,4.0,4
2026-02,表示,4.0,4
2026-02,製造業,4.0,4
2026-02,要約,4.0,4
2026-02,観点,4.0,4
2026-02,解決方法,4.0,4
2026-02,課題,4.0,4
2026-02,課題実行,4.0,4
2026-02,調査支援,4.0,4
2026-02,財源,4.0,4
2026-02,転送,4.0,4
2026-02,通信,4.0,4
2026-02,通知,4.0,4
2026-02,速報,4.0,4
2026-02,配信,4.0,4
2026-02,開発体験,4.0,4
2026-02,actions,3.5,5
2026-02,app,3.5,5
2026-02,design,3.5,5
2026-02,desktop,3.5,5
2026-02,for,3.5,5
2026-02,go,3.5,5
2026-02,knowledge,3.5,5
2026-02,osi,3.5,5
2026-02,pm,3.5,5
2026-02,pro,3.5,5
2026-02,runtime,3.5,5
2026-02,vpn,3.5,5
2026-02,joi,3.5,4
2026-02,tree,3.5,3
2026-02,あるよ,3.0,3
2026-02,いという,3.0,3
2026-02,いの,3.0,3
2026-02,うと,3.0,3
2026-02,うのはやめろ,3.0,3
2026-02,えているが,3.0,3
2026-02,えてみました,3.0,3
2026-02,かせない,3.0,3
2026-02,かった,3.0,3
2026-02,かったつもりにならない,3.0,3
2026-02,かな,3.0,3
2026-02,がいないので,3.0,3
2026-02,がおもしろい,3.0,3
2026-02,がここまで,3.0,3
2026-02,がそのまま,3.0,3
2026-02,がめちゃくちゃ,3.0,3
2026-02,がわからないを,3.0,3
2026-02,きから,3.0,3
2026-02,くしよう,3.0,3
2026-02,くなると,3.0,3
2026-02,くの,3.0,3
2026-02,けて,3.0,3
2026-02,げしてみた,3.0,3
2026-02,こっそり,3.0,3
2026-02,さえる,3.0,3
2026-02,さくっと,3.0,3
2026-02,させた,3.0,3
2026-02,されている,3.0,3
2026-02,される,3.0,3
2026-02,したほうが,3.0,3
2026-02,していいわけじゃない,3.0,3
2026-02,してくれる,3.0,3
2026-02,してない,3.0,3
2026-02,してみつつ,3.0,3
2026-02,してみてみた,3.0,3
2026-02,してみませんか,3.0,3
2026-02,しない,3.0,3
2026-02,しに,3.0,3
2026-02,じゃない,3.0,3
2026-02,すると,3.0,3
2026-02,するのが,3.0,3
2026-02,ずれた,3.0,3
2026-02,せる,3.0,3
2026-02,そう,3.0,3
2026-02,ただの,3.0,3
2026-02,たちはどんなことに,3.0,3
2026-02,だか,3.0,3
2026-02,だからこそ,3.0,3
2026-02,ちない,3.0,3
2026-02,ちやめました,3.0,3
2026-02,ったけど,3.0,3
2026-02,ってなんだ,3.0,3
2026-02,ってみる,3.0,3
2026-02,ってるの,3.0,3
2026-02,つらみ,3.0,3
2026-02,てる,3.0,3
2026-02,でしょ,3.0,3
2026-02,でつなぐべきではない,3.0,3
2026-02,ではじめる,3.0,3
2026-02,でもわかる,3.0,3
2026-02,とおしゃべりしてみた,3.0,3
2026-02,とかやったら,3.0,3
2026-02,どうやれば,3.0,3
2026-02,にしたら,3.0,3
2026-02,につけて,3.0,3
2026-02,にどう,3.0,3
2026-02,になるよ,3.0,3
2026-02,には,3.0,3
2026-02,のしないといけない,3.0,3
2026-02,はここにある,3.0,3
2026-02,ばかり,3.0,3
2026-02,ぶことで,3.0,3
2026-02,べた,3.0,3
2026-02,べる,3.0,3
2026-02,までを,3.0,3
2026-02,まなくていい,3.0,3
2026-02,みやすい,3.0,3
2026-02,みやすくなる,3.0,3
2026-02,めた,3.0,3
2026-02,もやってみた,3.0,3
2026-02,もりと,3.0,3
2026-02,やっている,3.0,3
2026-02,られる,3.0,3
2026-02,るのはもうやめる,3.0,3
2026-02,れたくない,3.0,3
2026-02,れたときに,3.0,3
2026-02,れて,3.0,3
2026-02,れを,3.0,3
2026-02,わらせよう,3.0,3
2026-02,をもって,3.0,3
2026-02,をもっと,3.0,3
2026-02,をやめよう,3.0,3
2026-02,んで,3.0,3
2026-02,アイデア,3.0,3
2026-02,アカウント,3.0,3
2026-02,アラート,3.0,3
2026-02,インクリメンタルタイピングゲーム,3.0,3
2026-02,インストール,3.0,3
2026-02,イーサネット,3.0,3
2026-02,カスタマイズ,3.0,3
2026-02,カバレッジ,3.0,3
2026-02,カード,3.0,3
2026-02,キレイキレイ,3.0,3
2026-02,コピペ,3.0,3
2026-02,コピペバイブコーディング,3.0,3
2026-02,コンサル,3.0,3
2026-02,コンポーネントカタログ,3.0,3
2026-02,サイバーコンテスト,3.0,3
2026-02,サプライチェーン,3.0,3
2026-02,サービス,3.0,3
2026-02,シンボル,3.0,3
2026-02,スクレイピング,3.0,3
2026-02,スケジュール,3.0,3
2026-02,セキュリティリスク,3.0,3
2026-02,チェック,3.0,3
2026-02,テーブル,3.0,3
2026-02,ディスクコントローラー,3.0,3
2026-02,デジタルワークプレイス,3.0,3
2026-02,デバイス,3.0,3
2026-02,データプラットフォーム,3.0,3
2026-02,データベース,3.0,3
2026-02,トークン,3.0,3
2026-02,ドメイン,3.0,3
2026-02,ナウ,3.0,3
2026-02,ネイティブアプリ,3.0,3
2026-02,ノーコード,3.0,3
2026-02,ハッカー,3.0,3
2026-02,バックエンド,3.0,3
2026-02,バランス,3.0,3
2026-02,パッケージ,3.0,3
2026-02,パフォーマンス,3.0,3
2026-02,ファイアウォール,3.0,3
2026-02,フィールド,3.0,3
2026-02,フレーム,3.0,3
2026-02,フロントエンド,3.0,3
2026-02,フロントトレンド,3.0,3
2026-02,ブチ,3.0,3
2026-02,ブレスト,3.0,3
2026-02,ブロック,3.0,3
2026-02,プラグイン,3.0,3
2026-02,プログラミングモデル,3.0,3
2026-02,プロセス,3.0,3
2026-02,プロファイル,3.0,3
2026-02,ベイズ,3.0,3
2026-02,マルウェア,3.0,3
2026-02,マルチコ,3.0,3
2026-02,メリット,3.0,3
2026-02,ライセンス,3.0,3
2026-02,リスト,3.0,3
2026-02,リダイレクト,3.0,3
2026-02,リンク,3.0,3
2026-02,レイヤ,3.0,3
2026-02,一気通貫,3.0,3
2026-02,一緒,3.0,3
2026-02,上司,3.0,3
2026-02,主張,3.0,3
2026-02,予測,3.0,3
2026-02,交通整理,3.0,3
2026-02,人向,3.0,3
2026-02,仕込,3.0,3
2026-02,他言語経験者向,3.0,3
2026-02,作者,3.0,3
2026-02,依存性注入,3.0,3
2026-02,依頼,3.0,3
2026-02,保守的,3.0,3
2026-02,保持,3.0,3
2026-02,個人的,3.0,3
2026-02,倍速,3.0,3
2026-02,備忘録,3.0,3
2026-02,優勝,3.0,3
2026-02,入社,3.0,3
2026-02,全公開,3.0,3
2026-02,全文公開,3.0,3
2026-02,全記録,3.0,3
2026-02,公開鍵暗号,3.0,3
2026-02,再度考,3.0,3
2026-02,再考,3.0,3
2026-02,処世術,3.0,3
2026-02,出口,3.0,3
2026-02,分担,3.0,3
2026-02,分断,3.0,3
2026-02,制限,3.0,3
2026-02,午後,3.0,3
2026-02,原理主義者,3.0,3
2026-02,史上最悪,3.0,3
2026-02,同期,3.0,3
2026-02,品質,3.0,3
2026-02,因子分析,3.0,3
2026-02,図解,3.0,3
2026-02,圧迫,3.0,3
2026-02,地形,3.0,3
2026-02,地雷,3.0,3
2026-02,基礎,3.0,3
2026-02,基礎講座,3.0,3
2026-02,外部,3.0,3
2026-02,多重共線性,3.0,3
2026-02,大掃除,3.0,3
2026-02,失敗,3.0,3
2026-02,学習支援,3.0,3
2026-02,宇宙最速,3.0,3
2026-02,安心,3.0,3
2026-02,完全攻略,3.0,3
2026-02,完全無料,3.0,3
2026-02,定期的,3.0,3
2026-02,実力,3.0,3
2026-02,実務,3.0,3
2026-02,実務適用,3.0,3
2026-02,実装例,3.0,3
2026-02,実践編,3.0,3
2026-02,専門家,3.0,3
2026-02,小技,3.0,3
2026-02,属人化,3.0,3
2026-02,属人化自体,3.0,3
2026-02,巨大駅,3.0,3
2026-02,年前,3.0,3
2026-02,広告,3.0,3
2026-02,影響,3.0,3
2026-02,影響度,3.0,3
2026-02,必至,3.0,3
2026-02,手段,3.0,3
2026-02,拡張,3.0,3
2026-02,指向,3.0,3
2026-02,指示,3.0,3
2026-02,捻出,3.0,3
2026-02,採用,3.0,3
2026-02,提案,3.0,3
2026-02,操作自動化,3.0,3
2026-02,攻略,3.0,3
2026-02,放題,3.0,3
2026-02,数十行,3.0,3
2026-02,文章,3.0,3
2026-02,断然,3.0,3
2026-02,新入社員,3.0,3
2026-02,日本語特化,3.0,3
2026-02,暗記学習,3.0,3
2026-02,書評,3.0,3
2026-02,最初,3.0,3
2026-02,最小限,3.0,3
2026-02,最近,3.0,3
2026-02,朗報,3.0,3
2026-02,根本的,3.0,3
2026-02,極意,3.0,3
2026-02,構成図,3.0,3
2026-02,標準,3.0,3
2026-02,標準機能,3.0,3
2026-02,機能性,3.0,3
2026-02,次世代,3.0,3
2026-02,混乱,3.0,3
2026-02,特定,3.0,3
2026-02,現場,3.0,3
2026-02,用途,3.0,3
2026-02,発生確率,3.0,3
2026-02,監査,3.0,3
2026-02,直前対策,3.0,3
2026-02,相手,3.0,3
2026-02,知恵,3.0,3
2026-02,短縮,3.0,3
2026-02,移行,3.0,3
2026-02,種類,3.0,3
2026-02,第一歩,3.0,3
2026-02,箇条書,3.0,3
2026-02,節約,3.0,3
2026-02,範囲,3.0,3
2026-02,簡易,3.0,3
2026-02,納得,3.0,3
2026-02,組織,3.0,3
2026-02,緊急,3.0,3
2026-02,総復習,3.0,3
2026-02,総集編,3.0,3
2026-02,自分専用,3.0,3
2026-02,自動作成,3.0,3
2026-02,自律修復,3.0,3
2026-02,自律的,3.0,3
2026-02,自治体,3.0,3
2026-02,自然言語,3.0,3
2026-02,自習時間,3.0,3
2026-02,色変記事,3.0,3
2026-02,衝撃,3.0,3
2026-02,見直,3.0,3
2026-02,見積,3.0,3
2026-02,言葉探,3.0,3
2026-02,記録,3.0,3
2026-02,認定,3.0,3
2026-02,認証,3.0,3
2026-02,読破,3.0,3
2026-02,調査,3.0,3
2026-02,資格取,3.0,3
2026-02,逆引,3.0,3
2026-02,進捗共有,3.0,3
2026-02,選定,3.0,3
2026-02,開発環境,3.0,3
2026-02,閲覧注意,3.0,3
2026-02,防衛省,3.0,3
2026-02,順序,3.0,3
2026-02,順番待,3.0,3
2026-02,顧客提案,3.0,3
2026-02,驚愕,3.0,3
2026-02,高度区分試験攻略法,3.0,3
2026-02,黄色,3.0,3
2026-02,ace-step-1.5,2.8,4
2026-02,ai-dlc,2.8,4
2026-02,banana,2.8,4
2026-02,browser,2.8,4
2026-02,ceo,2.8,4
2026-02,console.log,2.8,4
2026-02,css,2.8,4
2026-02,excel,2.8,4
2026-02,fc,2.8,4
2026-02,human,2.8,4
2026-02,kaggle,2.8,4
2026-02,laravel,2.8,4
2026-02,log,2.8,4
2026-02,loop,2.8,4
2026-02,memory,2.8,4
2026-02,mind,2.8,4
2026-02,nano,2.8,4
2026-02,on,2.8,4
2026-02,openai,2.8,4
2026-02,oss,2.8,4
2026-02,powerautomate,2.8,4
2026-02,python+ollama,2.8,4
2026-02,reactnode,2.8,4
2026-02,sap,2.8,4
2026-02,skill.md,2.8,4
2026-02,socketdebugger,2.8,4
2026-02,ss,2.8,4
2026-02,svg,2.8,4
2026-02,the,2.8,4
2026-02,typescript,2.8,4
2026-02,unity,2.8,4
2026-02,write,2.8,4
2026-02,yfinance,2.8,4
2026-02,java,2.8,3
2026-02,name,2.8,2
2026-02,routes,2.8,2
2026-02,syshack,2.8,2
2026-02,wavelet,2.8,2
2026-02,ak,2.0999999999999996,3
2026-02,ant,2.0999999999999996,3
2026-02,apple,2.0999999999999996,3
2026-02,bashrc,2.0999999999999996,3
2026-02,bgm,2.0999999999999996,3
2026-02,claude.md,2.0999999999999996,3
2026-02,databricks,2.0999999999999996,3
2026-02,ddd,2.0999999999999996,3
2026-02,deepresearch,2.0999999999999996,3
2026-02,delphi,2.0999999999999996,3
2026-02,developer,2.0999999999999996,3
2026-02,dexit,2.0999999999999996,3
2026-02,di,2.0999999999999996,3
2026-02,diagram,2.0999999999999996,3
2026-02,e-stat,2.0999999999999996,3
2026-02,enterprise,2.0999999999999996,3
2026-02,er,2.0999999999999996,3
2026-02,erd,2.0999999999999996,3
2026-02,gateway,2.0999999999999996,3
2026-02,genai,2.0999999999999996,3
2026-02,generator,2.0999999999999996,3
2026-02,insights,2.0999999999999996,3
2026-02,ip,2.0999999999999996,3
2026-02,ipa,2.0999999999999996,3
2026-02,javascript,2.0999999999999996,3
2026-02,joi2025/2026,2.0999999999999996,3
2026-02,js,2.0999999999999996,3
2026-02,jsp,2.0999999999999996,3
2026-02,length,2.0999999999999996,3
2026-02,lo-fi,2.0999999999999996,3
2026-02,lyria,2.0999999999999996,3
2026-02,mapterhorn,2.0999999999999996,3
2026-02,mermaid,2.0999999999999996,3
2026-02,mise,2.0999999999999996,3
2026-02,nemotron-nano-9b-v2-japanese,2.0999999999999996,3
2026-02,net,2.0999999999999996,3
2026-02,nvme,2.0999999999999996,3
2026-02,obj,2.0999999999999996,3
2026-02,object.keys,2.0999999999999996,3
2026-02,ok,2.0999999999999996,3
2026-02,opendeepresearch,2.0999999999999996,3
2026-02,outlines/guidance,2.0999999999999996,3
2026-02,pdf,2.0999999999999996,3
2026-02,playwright,2.0999999999999996,3
2026-02,pr,2.0999999999999996,3
2026-02,purview,2.0999999999999996,3
2026-02,react/vue,2.0999999999999996,3
2026-02,react/vue/svelte,2.0999999999999996,3
2026-02,read_csv,2.0999999999999996,3
2026-02,rust,2.0999999999999996,3
2026-02,sap-c02,2.0999999999999996,3
2026-02,scheduler,2.0999999999999996,3
2026-02,silicon,2.0999999999999996,3
2026-02,slack,2.0999999999999996,3
2026-02,slm,2.0999999999999996,3
2026-02,snowflake,2.0999999999999996,3
2026-02,sql,2.0999999999999996,3
2026-02,stitch,2.0999999999999996,3
2026-02,switchbot,2.0999999999999996,3
2026-02,typing,2.0999999999999996,3
2026-02,update,2.0999999999999996,3
2026-02,url,2.0999999999999996,3
2026-02,vercel,2.0999999999999996,3
2026-02,vertex,2.0999999999999996,3
2026-02,vllm-mlx,2.0999999999999996,3
2026-02,vm,2.0999999999999996,3
2026-02,waf,2.0999999999999996,3
2026-02,webf,2.0999999999999996,3
2026-02,zshrc,2.0999999999999996,3
2026-02,あぶね,2.0,2
2026-02,あると,2.0,2
2026-02,いい,2.0,2
2026-02,いかけてみた,2.0,2
2026-02,いされたので,2.0,2
2026-02,いすぎてもう,2.0,2
2026-02,いたのか,2.0,2
2026-02,いて,2.0,2
2026-02,いまさら,2.0,2
2026-02,いもでなかった,2.0,2
2026-02,うときに,2.0,2
2026-02,えずに,2.0,2
2026-02,えて,2.0,2
2026-02,おう,2.0,2
2026-02,おかんの,2.0,2
2026-02,かかる,2.0,2
2026-02,かつ,2.0,2
2026-02,からたった,2.0,2
2026-02,かりやすく,2.0,2
2026-02,がさらに,2.0,2
2026-02,がすごすぎる,2.0,2
2026-02,がつながっている,2.0,2
2026-02,がつまづきやすい,2.0,2
2026-02,がとても,2.0,2
2026-02,くまで,2.0,2
2026-02,けた,2.0,2
2026-02,けなければならない,2.0,2
2026-02,げできる,2.0,2
2026-02,させる,2.0,2
2026-02,さらに,2.0,2
2026-02,され,2.0,2
2026-02,しが,2.0,2
2026-02,しくなるのか,2.0,2
2026-02,したいこと,2.0,2
2026-02,したので,2.0,2
2026-02,しだけ,2.0,2
2026-02,してしまった,2.0,2
2026-02,してるだけじゃない,2.0,2
2026-02,じの,2.0,2
2026-02,じゃないと,2.0,2
2026-02,すぎ,2.0,2
2026-02,すぎる,2.0,2
2026-02,すね,2.0,2
2026-02,するお,2.0,2
2026-02,すること,2.0,2
2026-02,するために,2.0,2
2026-02,するな,2.0,2
2026-02,するまでの,2.0,2
2026-02,たす,2.0,2
2026-02,たせてみた,2.0,2
2026-02,たちを,2.0,2
2026-02,だそうな,2.0,2
2026-02,だったけど,2.0,2
2026-02,ちを,2.0,2
2026-02,ったこと,2.0,2
2026-02,ったので,2.0,2
2026-02,っておくべきこと,2.0,2
2026-02,ってない,2.0,2
2026-02,ってもらいました,2.0,2
2026-02,つかっている,2.0,2
2026-02,づいた,2.0,2
2026-02,てくる,2.0,2
2026-02,てて,2.0,2
2026-02,てほしい,2.0,2
2026-02,でここまでできる,2.0,2
2026-02,でできること,2.0,2
2026-02,でもできた,2.0,2
2026-02,でよく,2.0,2
2026-02,でわかる,2.0,2
2026-02,とし,2.0,2
2026-02,としての,2.0,2
2026-02,どっちがどっちやねん,2.0,2
2026-02,ながら,2.0,2
2026-02,なしで,2.0,2
2026-02,なぜか,2.0,2
2026-02,なのは,2.0,2
2026-02,なる,2.0,2
2026-02,なんだ,2.0,2
2026-02,にならないための,2.0,2
2026-02,になりつつある,2.0,2
2026-02,にむしゃくしゃしたので,2.0,2
2026-02,のお,2.0,2
2026-02,のすべてを,2.0,2
2026-02,のまま,2.0,2
2026-02,のような,2.0,2
2026-02,のり,2.0,2
2026-02,はなにが,2.0,2
2026-02,びれる,2.0,2
2026-02,ぼってみる,2.0,2
2026-02,まったけど,2.0,2
2026-02,まったところ,2.0,2
2026-02,までつなぐ,2.0,2
2026-02,まれたのか,2.0,2
2026-02,みと,2.0,2
2026-02,めたら,2.0,2
2026-02,もやってなかった,2.0,2
2026-02,やって,2.0,2
2026-02,よい,2.0,2
2026-02,よくわからずに,2.0,2
2026-02,りしがちな,2.0,2
2026-02,りのまとめ,2.0,2
2026-02,ると,2.0,2
2026-02,るとなぜ,2.0,2
2026-02,るなら,2.0,2
2026-02,るべき,2.0,2
2026-02,ろう,2.0,2
2026-02,わせているのか,2.0,2
2026-02,わったら,2.0,2
2026-02,わらせない,2.0,2
2026-02,わらせるための,2.0,2
2026-02,わりに,2.0,2
2026-02,われるためにやっていること,2.0,2
2026-02,をさせる,2.0,2
2026-02,をざっくり,2.0,2
2026-02,をつけておこう,2.0,2
2026-02,をどう,2.0,2
2026-02,をなぜか,2.0,2
2026-02,をなんとかした,2.0,2
2026-02,をふりかえります,2.0,2
2026-02,をまとめて,2.0,2
2026-02,をまとめてみたの,2.0,2
2026-02,をやさしく,2.0,2
2026-02,をやってみる,2.0,2
2026-02,んだら,2.0,2
2026-02,んでみた,2.0,2
2026-02,んでみる,2.0,2
2026-02,アコーディオンメニュー,2.0,2
2026-02,アジャイルコーチング,2.0,2
2026-02,アプローチ,2.0,2
2026-02,アンケート,2.0,2
2026-02,イベント,2.0,2
2026-02,インターネット,2.0,2
2026-02,エッジ,2.0,2
2026-02,エラー,2.0,2
2026-02,エンドツーエンド,2.0,2
2026-02,オススメ,2.0,2
2026-02,オリー,2.0,2
2026-02,オワタ,2.0,2
2026-02,オンボーディング,2.0,2
2026-02,オープンウェイトモデル,2.0,2
2026-02,カスタム,2.0,2
2026-02,カスタムサブエージェント,2.0,2
2026-02,クレジット,2.0,2
2026-02,コスパ,2.0,2
2026-02,コミュニティ,2.0,2
2026-02,コラボレーション,2.0,2
2026-02,コロン,2.0,2
2026-02,コンテキストエンジニアリング,2.0,2
2026-02,コンピュータ,2.0,2
2026-02,コンプライアンス,2.0,2
2026-02,コードレビュー,2.0,2
2026-02,サクッ,2.0,2
2026-02,サーバレス,2.0,2
2026-02,サーブ,2.0,2
2026-02,シンプル,2.0,2
2026-02,シンボリックリンク,2.0,2
2026-02,シート,2.0,2
2026-02,スクレイピングシステム,2.0,2
2026-02,スクロール,2.0,2
2026-02,スパルタレビュワー,2.0,2
2026-02,スペック,2.0,2
2026-02,スーパーアシスタント,2.0,2
2026-02,セキュリティインシデント,2.0,2
2026-02,セキュリティエンジニア,2.0,2
2026-02,セッション,2.0,2
2026-02,ソースコード,2.0,2
2026-02,タイル,2.0,2
2026-02,ターゲット,2.0,2
2026-02,ターミナル,2.0,2
2026-02,ダイアグラム,2.0,2
2026-02,ダミーデータ,2.0,2
2026-02,デモ,2.0,2
2026-02,デュアルデータソース,2.0,2
2026-02,ドキュメントレベル,2.0,2
2026-02,ノート,2.0,2
2026-02,ハッカソン,2.0,2
2026-02,ハマ,2.0,2
2026-02,ハードコード,2.0,2
2026-02,バーコード,2.0,2
2026-02,ファビコン,2.0,2
2026-02,フィジカル,2.0,2
2026-02,フル,2.0,2
2026-02,フロントエンドプロジェクト,2.0,2
2026-02,ブラウザタブアイコン,2.0,2
2026-02,プライベート,2.0,2
2026-02,プレゼン,2.0,2
2026-02,プレビュー,2.0,2
2026-02,プロンプトインジェクション,2.0,2
2026-02,ベクトル,2.0,2
2026-02,ベンチ,2.0,2
2026-02,ペルソナ,2.0,2
2026-02,ホップアップ,2.0,2
2026-02,ポーリング,2.0,2
2026-02,マイクロ,2.0,2
2026-02,マルチテナント,2.0,2
2026-02,マークダウン,2.0,2
2026-02,ミス,2.0,2
2026-02,メダル,2.0,2
2026-02,メモリ,2.0,2
2026-02,メモリバリア,2.0,2
2026-02,メモリマップド,2.0,2
2026-02,モデルガーデン,2.0,2
2026-02,モバイル,2.0,2
2026-02,モーダルウィンドウ,2.0,2
2026-02,ユニット,2.0,2
2026-02,ユーザ,2.0,2
2026-02,ユーザーペルソナ,2.0,2
2026-02,ライブラリ,2.0,2
2026-02,ランキングサイト,2.0,2
2026-02,ランサムウェア,2.0,2
2026-02,リッチメニュー,2.0,2
2026-02,リバースエンジニアリング,2.0,2
2026-02,リポジトリ,2.0,2
2026-02,リモート,2.0,2
2026-02,リージョナル,2.0,2
2026-02,レイテンシ,2.0,2
2026-02,レポ,2.0,2
2026-02,レートベースルール,2.0,2
2026-02,ログインシェル,2.0,2
2026-02,ロジック,2.0,2
2026-02,一問一答,2.0,2
2026-02,一択,2.0,2
2026-02,一番大事,2.0,2
2026-02,一発変換,2.0,2
2026-02,万台,2.0,2
2026-02,上位解法振,2.0,2
2026-02,並列実行,2.0,2
2026-02,丸裸,2.0,2
2026-02,予想,2.0,2
2026-02,二重効果,2.0,2
2026-02,互換,2.0,2
2026-02,人手不足,2.0,2
2026-02,人生,2.0,2
2026-02,人規模,2.0,2
2026-02,人記事,2.0,2
2026-02,今更,2.0,2
2026-02,仕様待,2.0,2
2026-02,仕様書,2.0,2
2026-02,仕様駆動開発,2.0,2
2026-02,仮想的,2.0,2
2026-02,位公式解法,2.0,2
2026-02,位置,2.0,2
2026-02,住所,2.0,2
2026-02,依存,2.0,2
2026-02,保存,2.0,2
2026-02,修飾子,2.0,2
2026-02,倍突破,2.0,2
2026-02,入口,2.0,2
2026-02,入水,2.0,2
2026-02,入緑,2.0,2
2026-02,全部暴,2.0,2
2026-02,公開鍵,2.0,2
2026-02,分登壇,2.0,2
2026-02,初登壇,2.0,2
2026-02,削減,2.0,2
2026-02,前処理,2.0,2
2026-02,前提条件,2.0,2
2026-02,割削減,2.0,2
2026-02,劇的,2.0,2
2026-02,加速,2.0,2
2026-02,動向,2.0,2
2026-02,動画化,2.0,2
2026-02,単位,2.0,2
2026-02,可能,2.0,2
2026-02,各層,2.0,2
2026-02,合法,2.0,2
2026-02,合法的,2.0,2
2026-02,回目,2.0,2
2026-02,回答,2.0,2
2026-02,国別,2.0,2
2026-02,地獄,2.0,2
2026-02,地雷原,2.0,2
2026-02,基調講演,2.0,2
2026-02,場所,2.0,2
2026-02,外出,2.0,2
2026-02,大差,2.0,2
2026-02,大方式,2.0,2
2026-02,完全敗北,2.0,2
2026-02,完全自動化,2.0,2
2026-02,実機不要,2.0,2
2026-02,実用性,2.0,2
2026-02,実践的,2.0,2
2026-02,実験,2.0,2
2026-02,実験的機能,2.0,2
2026-02,対話,2.0,2
2026-02,導入編,2.0,2
2026-02,属性活用,2.0,2
2026-02,層防御,2.0,2
2026-02,年間,2.0,2
2026-02,座標,2.0,2
2026-02,形式,2.0,2
2026-02,復帰,2.0,2
2026-02,復活,2.0,2
2026-02,徹底解剖,2.0,2
2026-02,心地,2.0,2
2026-02,思考,2.0,2
2026-02,性能,2.0,2
2026-02,悪用厳禁,2.0,2
2026-02,情報,2.0,2
2026-02,情報収集,2.0,2
2026-02,情報学生,2.0,2
2026-02,意味,2.0,2
2026-02,成果,2.0,2
2026-02,手順,2.0,2
2026-02,承認待,2.0,2
2026-02,技術実装,2.0,2
2026-02,技術書,2.0,2
2026-02,技術者,2.0,2
2026-02,投下,2.0,2
2026-02,推論能力,2.0,2
2026-02,描画,2.0,2
2026-02,改善,2.0,2
2026-02,教育,2.0,2
2026-02,教育投資,2.0,2
2026-02,数分,2.0,2
2026-02,数十年見逃,2.0,2
2026-02,数学,2.0,2
2026-02,数学的正体,2.0,2
2026-02,数式,2.0,2
2026-02,数日,2.0,2
2026-02,数時間,2.0,2
2026-02,数理,2.0,2
2026-02,数週間,2.0,2
2026-02,文字化,2.0,2
2026-02,新卒未経験,2.0,2
2026-02,日分,2.0,2
2026-02,日本語文書,2.0,2
2026-02,時間戦略,2.0,2
2026-02,暗号,2.0,2
2026-02,暴落,2.0,2
2026-02,最前線,2.0,2
2026-02,最小,2.0,2
2026-02,最強勉強術,2.0,2
2026-02,最適化,2.0,2
2026-02,月号,2.0,2
2026-02,月時点,2.0,2
2026-02,月版,2.0,2
2026-02,本当,2.0,2
2026-02,本番環境,2.0,2
2026-02,検討,2.0,2
2026-02,次予選,2.0,2
2026-02,武装,2.0,2
2026-02,歴史,2.0,2
2026-02,残業,2.0,2
2026-02,気分転換,2.0,2
2026-02,決着,2.0,2
2026-02,注意,2.0,2
2026-02,活用事例,2.0,2
2026-02,測定,2.0,2
2026-02,漫才,2.0,2
2026-02,激変,2.0,2
2026-02,無双,2.0,2
2026-02,物体,2.0,2
2026-02,猛進,2.0,2
2026-02,猫型,2.0,2
2026-02,現在地,2.0,2
2026-02,現役,2.0,2
2026-02,画面設計書,2.0,2
2026-02,異次元,2.0,2
2026-02,発生,2.0,2
2026-02,発覚,2.0,2
2026-02,登場,2.0,2
2026-02,登録,2.0,2
2026-02,目標,2.0,2
2026-02,直結,2.0,2
2026-02,真価,2.0,2
2026-02,確保,2.0,2
2026-02,社会人,2.0,2
2026-02,移行記,2.0,2
2026-02,端末,2.0,2
2026-02,箇所,2.0,2
2026-02,管理方式,2.0,2
2026-02,管理階層,2.0,2
2026-02,紐付,2.0,2
2026-02,素通,2.0,2
2026-02,紹介,2.0,2
2026-02,終了,2.0,2
2026-02,結局何,2.0,2
2026-02,綺麗,2.0,2
2026-02,署名,2.0,2
2026-02,融合,2.0,2
2026-02,裏側,2.0,2
2026-02,複合,2.0,2
2026-02,要件,2.0,2
2026-02,要素認証,2.0,2
2026-02,解析,2.0,2
2026-02,言語化能力,2.0,2
2026-02,言語経験者,2.0,2
2026-02,記事自動生成,2.0,2
2026-02,記憶,2.0,2
2026-02,記憶喪失編,2.0,2
2026-02,設計情報,2.0,2
2026-02,設計要素,2.0,2
2026-02,設計論,2.0,2
2026-02,訴求力,2.0,2
2026-02,証明,2.0,2
2026-02,証明書有効期限制限,2.0,2
2026-02,認定全,2.0,2
2026-02,認証基盤,2.0,2
2026-02,読書,2.0,2
2026-02,調教,2.0,2
2026-02,講師,2.0,2
2026-02,週番号,2.0,2
2026-02,遅延,2.0,2
2026-02,運営,2.0,2
2026-02,遷移時,2.0,2
2026-02,選択肢,2.0,2
2026-02,部下,2.0,2
2026-02,配布,2.0,2
2026-02,重点解説,2.0,2
2026-02,量産開発経験者,2.0,2
2026-02,長期化,2.0,2
2026-02,門前払,2.0,2
2026-02,閉域内,2.0,2
2026-02,開発手段,2.0,2
2026-02,開発速度,2.0,2
2026-02,関数全部使,2.0,2
2026-02,防止,2.0,2
2026-02,限界,2.0,2
2026-02,随時更新,2.0,2
2026-02,隔離,2.0,2
2026-02,障害,2.0,2
2026-02,集計定義,2.0,2
2026-02,電子証明書,2.0,2
2026-02,電気回路,2.0,2
2026-02,非同期処理,2.0,2
2026-02,革命,2.0,2
2026-02,領域木,2.0,2
2026-02,高校生,2.0,2
2026-02,ツケ,2.0,1
2026-02,マイグレーション,2.0,1
2026-02,adb-s,1.4,2
2026-02,ai-driven,1.4,2
2026-02,annotate,1.4,2
2026-02,arch,1.4,2
2026-02,assistant,1.4,2
2026-02,async/await,1.4,2
2026-02,avd,1.4,2
2026-02,aws/terraform,1.4,2
2026-02,awslabs/aidlc-workflows,1.4,2
2026-02,bases,1.4,2
2026-02,bigquery,1.4,2
2026-02,bot,1.4,2
2026-02,ca,1.4,2
2026-02,cargo-compete,1.4,2
2026-02,cargo-snippet,1.4,2
2026-02,cascading,1.4,2
2026-02,cdk,1.4,2
2026-02,ci,1.4,2
2026-02,claudecode,1.4,2
2026-02,cloudhsm,1.4,2
2026-02,cloudwatch,1.4,2
2026-02,coding,1.4,2
2026-02,colab,1.4,2
2026-02,confirm,1.4,2
2026-02,context,1.4,2
2026-02,copilotkit,1.4,2
2026-02,csiro,1.4,2
2026-02,csp,1.4,2
2026-02,cursor/antigravity,1.4,2
2026-02,d1,1.4,2
2026-02,davinci,1.4,2
2026-02,db,1.4,2
2026-02,defender,1.4,2
2026-02,development,1.4,2
2026-02,dhcpv6-pd,1.4,2
2026-02,dmn,1.4,2
2026-02,dynamodb,1.4,2
2026-02,ecs,1.4,2
2026-02,educate,1.4,2
2026-02,endpoint,1.4,2
2026-02,engineering,1.4,2
2026-02,express,1.4,2
2026-02,faker,1.4,2
2026-02,feb,1.4,2
2026-02,figma,1.4,2
2026-02,flutter,1.4,2
2026-02,fortify,1.4,2
2026-02,fractional,1.4,2
2026-02,frontmatter,1.4,2
2026-02,gb10,1.4,2
2026-02,gem,1.4,2
2026-02,generate_figma_design,1.4,2
2026-02,generative,1.4,2
2026-02,gitlab,1.4,2
2026-02,gorm,1.4,2
2026-02,gsa,1.4,2
2026-02,guardrails,1.4,2
2026-02,hooks,1.4,2
2026-02,i/o,1.4,2
2026-02,input,1.4,2
2026-02,intercepting,1.4,2
2026-02,internet,1.4,2
2026-02,isolate,1.4,2
2026-02,joai,1.4,2
2026-02,joai2026,1.4,2
2026-02,joi2,1.4,2
2026-02,k2,1.4,2
2026-02,kimi,1.4,2
2026-02,lan,1.4,2
2026-02,language,1.4,2
2026-02,lifecycle,1.4,2
2026-02,liftkit,1.4,2
2026-02,line,1.4,2
2026-02,linux,1.4,2
2026-02,logs,1.4,2
2026-02,lookup,1.4,2
2026-02,m365,1.4,2
2026-02,map,1.4,2
2026-02,marp,1.4,2
2026-02,matrix,1.4,2
2026-02,merge,1.4,2
2026-02,miru-log,1.4,2
2026-02,mlops,1.4,2
2026-02,mobile,1.4,2
2026-02,models,1.4,2
2026-02,mumbai,1.4,2
2026-02,mysql,1.4,2
2026-02,netperf,1.4,2
2026-02,noml,1.4,2
2026-02,nosql,1.4,2
2026-02,numba,1.4,2
2026-02,oidc,1.4,2
2026-02,opencode,1.4,2
2026-02,openshift,1.4,2
2026-02,ory,1.4,2
2026-02,out-of-memory,1.4,2
2026-02,parallel,1.4,2
2026-02,playwrightmcp,1.4,2
2026-02,postgres,1.4,2
2026-02,powerapps,1.4,2
2026-02,powershell,1.4,2
2026-02,prefix,1.4,2
2026-02,prism,1.4,2
2026-02,proxmox,1.4,2
2026-02,pv,1.4,2
2026-02,qgis,1.4,2
2026-02,query,1.4,2
2026-02,quick,1.4,2
2026-02,qwen3-vl-30b-a3b-instruct,1.4,2
2026-02,r3,1.4,2
2026-02,rds,1.4,2
2026-02,react-pdf,1.4,2
2026-02,recursive,1.4,2
2026-02,remotion,1.4,2
2026-02,resolve,1.4,2
2026-02,rls,1.4,2
2026-02,robotics,1.4,2
2026-02,rpa,1.4,2
2026-02,rtx1300,1.4,2
2026-02,rules,1.4,2
2026-02,runteq,1.4,2
2026-02,sdk,1.4,2
2026-02,security,1.4,2
2026-02,sentry,1.4,2
2026-02,serena,1.4,2
2026-02,servicenow,1.4,2
2026-02,shadcn/ui,1.4,2
2026-02,skill,1.4,2
2026-02,slp,1.4,2
2026-02,software,1.4,2
2026-02,sonnet,1.4,2
2026-02,sort,1.4,2
2026-02,ssh,1.4,2
2026-02,ssl/tls,1.4,2
2026-02,ssr,1.4,2
2026-02,strandsagents,1.4,2
2026-02,streamlit,1.4,2
2026-02,suite,1.4,2
2026-02,syumai/workers,1.4,2
2026-02,table,1.4,2
2026-02,table.group,1.4,2
2026-02,tcp,1.4,2
2026-02,tips,1.4,2
2026-02,to,1.4,2
2026-02,tour,1.4,2
2026-02,udemy,1.4,2
2026-02,udp,1.4,2
2026-02,v1.11.0,1.4,2
2026-02,vectors,1.4,2
2026-02,viewer,1.4,2
2026-02,virtual,1.4,2
2026-02,vllm,1.4,2
2026-02,volatile,1.4,2
2026-02,vroid,1.4,2
2026-02,vue,1.4,2
2026-02,wafv2,1.4,2
2026-02,wan,1.4,2
2026-02,webpack/vite/ssr/ssg...,1.4,2
2026-02,webview,1.4,2
2026-02,workflows,1.4,2
2026-02,workspace,1.4,2
2026-02,world,1.4,2
2026-02,wsl,1.4,2
2026-02,xyz,1.4,2
2026-02,yamaha,1.4,2
2026-02,yaml,1.4,2
2026-02,zxing,1.4,2
2026-02,a2a,1.4,1
2026-02,fat,1.4,1
2026-02,ある,1.0,1
2026-02,いきなり,1.0,1
2026-02,いてみる,1.0,1
2026-02,えないのか,1.0,1
2026-02,かけて,1.0,1
2026-02,かしてみた,1.0,1
2026-02,かす,1.0,1
2026-02,かにならないのか,1.0,1
2026-02,かれたくないことを,1.0,1
2026-02,がよさそうなので,1.0,1
2026-02,がらないのはなぜか,1.0,1
2026-02,きで,1.0,1
2026-02,きの,1.0,1
2026-02,きるのか,1.0,1
2026-02,くする,1.0,1
2026-02,ぐための,1.0,1
2026-02,げさ,1.0,1
2026-02,こしと,1.0,1
2026-02,ことはじめ,1.0,1
2026-02,ごうと,1.0,1
2026-02,させてみた,1.0,1
2026-02,さら,1.0,1
2026-02,されるようになりました,1.0,1
2026-02,しつつ,1.0,1
2026-02,しても,1.0,1
2026-02,するための,1.0,1
2026-02,するまで,1.0,1
2026-02,そして,1.0,1
2026-02,だけじゃない,1.0,1
2026-02,だと,1.0,1
2026-02,だよって,1.0,1
2026-02,ちそうな,1.0,1
2026-02,ちょうどいい,1.0,1
2026-02,っていたのか,1.0,1
2026-02,ってもらって,1.0,1
2026-02,ってもらってみた,1.0,1
2026-02,ついでに,1.0,1
2026-02,つき,1.0,1
2026-02,つくりながら,1.0,1
2026-02,づかない,1.0,1
2026-02,づき,1.0,1
2026-02,ての,1.0,1
2026-02,でいい,1.0,1
2026-02,できるか,1.0,1
2026-02,できるようにした,1.0,1
2026-02,でそのまま,1.0,1
2026-02,でできたこと,1.0,1
2026-02,ではなく,1.0,1
2026-02,とおもてなし,1.0,1
2026-02,とはなにをするのかを,1.0,1
2026-02,ないと,1.0,1
2026-02,なに,1.0,1
2026-02,なのに,1.0,1
2026-02,なんとかして,1.0,1
2026-02,なんとなく,1.0,1
2026-02,になるじゃないかに,1.0,1
2026-02,になるのか,1.0,1
2026-02,にまとめてみた,1.0,1
2026-02,のす,1.0,1
2026-02,のため,1.0,1
2026-02,のみの,1.0,1
2026-02,はいかにして,1.0,1
2026-02,はどこの,1.0,1
2026-02,べたらそんなことなかった,1.0,1
2026-02,ませる,1.0,1
2026-02,まる,1.0,1
2026-02,みの,1.0,1
2026-02,やす,1.0,1
2026-02,より,1.0,1
2026-02,よりも,1.0,1
2026-02,らす,1.0,1
2026-02,りました,1.0,1
2026-02,るだけで,1.0,1
2026-02,わずに,1.0,1
2026-02,わせて,1.0,1
2026-02,われたから,1.0,1
2026-02,をするときに,1.0,1
2026-02,をまとめてみた,1.0,1
2026-02,をやる,1.0,1
2026-02,んでみて,1.0,1
2026-02,アウトカム,1.0,1
2026-02,アシスタント,1.0,1
2026-02,アップロード,1.0,1
2026-02,アドレス,1.0,1
2026-02,アラインメント,1.0,1
2026-02,アルゴリズムシリーズ,1.0,1
2026-02,アンサー,1.0,1
2026-02,イメージ,1.0,1
2026-02,インデックス,1.0,1
2026-02,インフラ,1.0,1
2026-02,インポート,1.0,1
2026-02,エコシステム,1.0,1
2026-02,エリア,1.0,1
2026-02,オセロゲーム,1.0,1
2026-02,オフィス,1.0,1
2026-02,オフサイト,1.0,1
2026-02,カレンダーアプリケーション,1.0,1
2026-02,カーナビユーザー,1.0,1
2026-02,ガバメントクラウド,1.0,1
2026-02,クライアント,1.0,1
2026-02,グラフパターン,1.0,1
2026-02,ゲート,1.0,1
2026-02,コミット,1.0,1
2026-02,サイトホスティング,1.0,1
2026-02,サイドパネル,1.0,1
2026-02,シリーズ,1.0,1
2026-02,ジャッジ,1.0,1
2026-02,スコープ,1.0,1
2026-02,スタンプラリー,1.0,1
2026-02,ステアリング,1.0,1
2026-02,ズーム,1.0,1
2026-02,セキュリティグループ,1.0,1
2026-02,セットアップ,1.0,1
2026-02,ソフトウェアテスト,1.0,1
2026-02,タイミング,1.0,1
2026-02,タイムテーブルビューアー,1.0,1
2026-02,ダブルクリック,1.0,1
2026-02,ダブルチェック,1.0,1
2026-02,テスター,1.0,1
2026-02,トヨタシステムズプログラミングコンテスト,1.0,1
2026-02,トリミングツール,1.0,1
2026-02,ドリル,1.0,1
2026-02,ナビゲーションバー,1.0,1
2026-02,ナレッジパイプライン,1.0,1
2026-02,ニューラルネット,1.0,1
2026-02,バニラ,1.0,1
2026-02,ビジネスシーン,1.0,1
2026-02,ビットパソコン,1.0,1
2026-02,ファインチューニングパイプライン,1.0,1
2026-02,プラセボ,1.0,1
2026-02,プログラマー,1.0,1
2026-02,プロフェッショナル,1.0,1
2026-02,プロンプトエンジニアリング,1.0,1
2026-02,ポジション,1.0,1
2026-02,ポンチ,1.0,1
2026-02,マイクロソフト,1.0,1
2026-02,マシン,1.0,1
2026-02,マネジメントコンソール,1.0,1
2026-02,メインコンペ,1.0,1
2026-02,メカニズム,1.0,1
2026-02,メンション,1.0,1
2026-02,モダン,1.0,1
2026-02,モノ,1.0,1
2026-02,リアルタイムサーバー,1.0,1
2026-02,リクエスト,1.0,1
2026-02,リスク,1.0,1
2026-02,リソース,1.0,1
2026-02,リージョン,1.0,1
2026-02,レポジトリ,1.0,1
2026-02,一括収集,1.0,1
2026-02,一日,1.0,1
2026-02,一案,1.0,1
2026-02,一生,1.0,1
2026-02,一番丁寧,1.0,1
2026-02,一色,1.0,1
2026-02,不要,1.0,1
2026-02,並行開発,1.0,1
2026-02,中華製,1.0,1
2026-02,事件,1.0,1
2026-02,事前検証,1.0,1
2026-02,人間抜,1.0,1
2026-02,他機能,1.0,1
2026-02,仮想,1.0,1
2026-02,任期付,1.0,1
2026-02,企業,1.0,1
2026-02,位置情報,1.0,1
2026-02,低賃金,1.0,1
2026-02,体制,1.0,1
2026-02,体感,1.0,1
2026-02,体系整理,1.0,1
2026-02,体系的,1.0,1
2026-02,何時間削減,1.0,1
2026-02,作成方法,1.0,1
2026-02,保守,1.0,1
2026-02,個人学習,1.0,1
2026-02,克服,1.0,1
2026-02,再分配,1.0,1
2026-02,再編,1.0,1
2026-02,分類,1.0,1
2026-02,判断基準,1.0,1
2026-02,利活用促進,1.0,1
2026-02,効果,1.0,1
2026-02,勉強記,1.0,1
2026-02,募集,1.0,1
2026-02,半自動化,1.0,1
2026-02,即実行,1.0,1
2026-02,原則,1.0,1
2026-02,原因,1.0,1
2026-02,参戦記,1.0,1
2026-02,参照列,1.0,1
2026-02,受講,1.0,1
2026-02,合格,1.0,1
2026-02,合格体験記,1.0,1
2026-02,合格戦略,1.0,1
2026-02,同時,1.0,1
2026-02,周辺,1.0,1
2026-02,善意,1.0,1
2026-02,回避策,1.0,1
2026-02,因果推論,1.0,1
2026-02,図表生成,1.0,1
2026-02,国債,1.0,1
2026-02,圧力,1.0,1
2026-02,基盤,1.0,1
2026-02,増税,1.0,1
2026-02,外部利用,1.0,1
2026-02,外部接続,1.0,1
2026-02,外部通信,1.0,1
2026-02,大学,1.0,1
2026-02,天秤,1.0,1
2026-02,学習最適化手法,1.0,1
2026-02,安定,1.0,1
2026-02,実績,1.0,1
2026-02,実話,1.0,1
2026-02,実践入門,1.0,1
2026-02,専務,1.0,1
2026-02,市民開発,1.0,1
2026-02,帯域測定,1.0,1
2026-02,常駐型,1.0,1
2026-02,年最大,1.0,1
2026-02,年目,1.0,1
2026-02,廃止,1.0,1
2026-02,延長,1.0,1
2026-02,役立,1.0,1
2026-02,必読論文,1.0,1
2026-02,応用情報,1.0,1
2026-02,応用編,1.0,1
2026-02,意図,1.0,1
2026-02,感想,1.0,1
2026-02,所有権,1.0,1
2026-02,手伝,1.0,1
2026-02,手法,1.0,1
2026-02,技法,1.0,1
2026-02,技術継承,1.0,1
2026-02,拡張単語,1.0,1
2026-02,指定,1.0,1
2026-02,指示書,1.0,1
2026-02,推論,1.0,1
2026-02,推進担当,1.0,1
2026-02,数日前,1.0,1
2026-02,文字,1.0,1
2026-02,文字起,1.0,1
2026-02,新卒,1.0,1
2026-02,既定値,1.0,1
2026-02,日本,1.0,1
2026-02,日次,1.0,1
2026-02,時点速報,1.0,1
2026-02,最新機能,1.0,1
2026-02,最適解,1.0,1
2026-02,月間,1.0,1
2026-02,未来,1.0,1
2026-02,本文,1.0,1
2026-02,本業,1.0,1
2026-02,本物,1.0,1
2026-02,本選,1.0,1
2026-02,東京,1.0,1
2026-02,松尾研,1.0,1
2026-02,業務委託,1.0,1
2026-02,業務改善,1.0,1
2026-02,武器,1.0,1
2026-02,比率固定,1.0,1
2026-02,決定版,1.0,1
2026-02,注意点,1.0,1
2026-02,満員御礼,1.0,1
2026-02,無理,1.0,1
2026-02,無視,1.0,1
2026-02,物理,1.0,1
2026-02,特殊文字,1.0,1
2026-02,現行比較,1.0,1
2026-02,現象,1.0,1
2026-02,環境構築,1.0,1
2026-02,環境構築記録,1.0,1
2026-02,目次,1.0,1
2026-02,着想,1.0,1
2026-02,研究,1.0,1
2026-02,社員,1.0,1
2026-02,秘訣,1.0,1
2026-02,第二歩,1.0,1
2026-02,管理表,1.0,1
2026-02,経済,1.0,1
2026-02,経由,1.0,1
2026-02,給付,1.0,1
2026-02,緑色,1.0,1
2026-02,職種別,1.0,1
2026-02,脅迫,1.0,1
2026-02,自宅,1.0,1
2026-02,自律型,1.0,1
2026-02,苦闘記,1.0,1
2026-02,複数選択,1.0,1
2026-02,見極,1.0,1
2026-02,言語勉強,1.0,1
2026-02,記法,1.0,1
2026-02,設備,1.0,1
2026-02,認定試験,1.0,1
2026-02,認証機能付,1.0,1
2026-02,誤解,1.0,1
2026-02,読書感想文,1.0,1
2026-02,講座,1.0,1
2026-02,財源幻想,1.0,1
2026-02,財源確保,1.0,1
2026-02,賃金,1.0,1
2026-02,起動,1.0,1
2026-02,転記,1.0,1
2026-02,軽量動画生成,1.0,1
2026-02,迷走,1.0,1
2026-02,逆転発想,1.0,1
2026-02,通知設定,1.0,1
2026-02,通貨発行,1.0,1
2026-02,週末,1.0,1
2026-02,週目,1.0,1
2026-02,運営費削減,1.0,1
2026-02,過去,1.0,1
2026-02,過去問,1.0,1
2026-02,適用,1.0,1
2026-02,選好学習,1.0,1
2026-02,選択肢列,1.0,1
2026-02,金融,1.0,1
2026-02,関連,1.0,1
2026-02,需要,1.0,1
2026-02,需要管理,1.0,1
2026-02,非定型,1.0,1
2026-02,非推奨,1.0,1
2026-02,革新的,1.0,1
2026-02,音声,1.0,1
2026-02,駆動設計,1.0,1
2026-02,高機能,1.0,1
2026-02,魔法,1.0,1
2026-02,ab,0.7,1
2026-02,agentskills,0.7,1
2026-02,alpacahack,0.7,1
2026-02,android,0.7,1
2026-02,automate,0.7,1
2026-02,backlog,0.7,1
2026-02,bob,0.7,1
2026-02,build,0.7,1
2026-02,canvas,0.7,1
2026-02,cesium,0.7,1
2026-02,chromebook,0.7,1
2026-02,cloud,0.7,1
2026-02,codepipeline,0.7,1
2026-02,coder,0.7,1
2026-02,cognito,0.7,1
2026-02,compute,0.7,1
2026-02,container,0.7,1
2026-02,contextengineering,0.7,1
2026-02,controller,0.7,1
2026-02,daily,0.7,1
2026-02,dancing,0.7,1
2026-02,days,0.7,1
2026-02,dev,0.7,1
2026-02,dgx,0.7,1
2026-02,discovery,0.7,1
2026-02,dll,0.7,1
2026-02,dotnet,0.7,1
2026-02,dpo,0.7,1
2026-02,ec2,0.7,1
2026-02,factory,0.7,1
2026-02,fast,0.7,1
2026-02,fastapi,0.7,1
2026-02,filter,0.7,1
2026-02,flow,0.7,1
2026-02,forms,0.7,1
2026-02,fortigate,0.7,1
2026-02,fundamentals,0.7,1
2026-02,html1,0.7,1
2026-02,html5,0.7,1
2026-02,htmx,0.7,1
2026-02,ibm,0.7,1
2026-02,intent,0.7,1
2026-02,ios,0.7,1
2026-02,iperf3,0.7,1
2026-02,iphone,0.7,1
2026-02,issue,0.7,1
2026-02,jaws,0.7,1
2026-02,kaigi,0.7,1
2026-02,kpi,0.7,1
2026-02,latex,0.7,1
2026-02,lists,0.7,1
2026-02,lm,0.7,1
2026-02,lt,0.7,1
2026-02,mac,0.7,1
2026-02,mailcow,0.7,1
2026-02,method,0.7,1
2026-02,mode,0.7,1
2026-02,model,0.7,1
2026-02,modeler,0.7,1
2026-02,moltbook,0.7,1
2026-02,nanobananapro,0.7,1
2026-02,nemotron,0.7,1
2026-02,nested,0.7,1
2026-02,nginx,0.7,1
2026-02,nlb,0.7,1
2026-02,nuget,0.7,1
2026-02,odbc,0.7,1
2026-02,on-demand,0.7,1
2026-02,oracle,0.7,1
2026-02,ormapper,0.7,1
2026-02,os,0.7,1
2026-02,pc,0.7,1
2026-02,pencil,0.7,1
2026-02,pencil.dev,0.7,1
2026-02,pi,0.7,1
2026-02,pl,0.7,1
2026-02,qwen3-swallow,0.7,1
2026-02,rac,0.7,1
2026-02,raspberry,0.7,1
2026-02,render,0.7,1
2026-02,robot,0.7,1
2026-02,route,0.7,1
2026-02,run,0.7,1
2026-02,script.cs,0.7,1
2026-02,sd1.5,0.7,1
2026-02,selenium,0.7,1
2026-02,servers,0.7,1
2026-02,sns,0.7,1
2026-02,spark,0.7,1
2026-02,speech,0.7,1
2026-02,spss,0.7,1
2026-02,sre,0.7,1
2026-02,steering,0.7,1
2026-02,string,0.7,1
2026-02,stringify_keys,0.7,1
2026-02,subagent,0.7,1
2026-02,superpowers,0.7,1
2026-02,swallow,0.7,1
2026-02,top10,0.7,1
2026-02,top9,0.7,1
2026-02,tron,0.7,1
2026-02,undefined,0.7,1
2026-02,unionfind,0.7,1
2026-02,unity+,0.7,1
2026-02,univercity,0.7,1
2026-02,vba,0.7,1
2026-02,virtualization,0.7,1
2026-02,vps,0.7,1
2026-02,wikipedia,0.7,1
2026-02,wireguard,0.7,1
2026-02,writeup,0.7,1
2026-02,wsl2,0.7,1
2026-02,x-frame-options,0.7,1
2026-02,xgboost,0.7,1
2026-02,z80,0.7,1
2026-02,zabbix,0.7,1
