year,word,count,article_count
2026,ai,25.200000000000003,28
2026,2026,15.0,15
2026,構築,14.0,14
2026,開発,13.0,13
2026,エージェント,8.0,8
2026,分析,8.0,8
2026,自分,8.0,8
2026,エンジニア,7.0,7
2026,ガイド,7.0,7
2026,データ,7.0,7
2026,初心者,7.0,7
2026,実現,7.0,7
2026,環境,7.0,7
2026,ハンズオン,6.0,6
2026,パイプライン,6.0,6
2026,基盤,6.0,6
2026,専用,6.0,6
2026,最新,6.0,6
2026,統合,6.0,6
2026,01,5.0,5
2026,まとめ,5.0,5
2026,ローカル,5.0,5
2026,後編,5.0,5
2026,案件,5.0,5
2026,生成,5.0,5
2026,oci,4.9,7
2026,qiita,4.9,7
2026,docker,4.9,4
2026,aws,4.2,5
2026,copilot,4.199999999999999,6
2026,data,4.199999999999999,6
2026,platform,4.199999999999999,6
2026,ため,4.0,4
2026,アプリ,4.0,4
2026,トレンド,4.0,4
2026,個人,4.0,4
2026,勉強,4.0,4
2026,実装,4.0,4
2026,対応,4.0,4
2026,方法,4.0,4
2026,日本語,4.0,4
2026,次世代,4.0,4
2026,理由,4.0,4
2026,記事,4.0,4
2026,clawdbot,3.5,5
2026,cursor,3.5,5
2026,mcp,3.5,5
2026,microsoft,3.5,5
2026,26,3.0,3
2026,キャスト,3.0,3
2026,クラウド,3.0,3
2026,コーディング,3.0,3
2026,コード,3.0,3
2026,サービス,3.0,3
2026,セキュリティ,3.0,3
2026,チュートリアル,3.0,3
2026,ツール,3.0,3
2026,デザイン,3.0,3
2026,フルスタックアプリ,3.0,3
2026,プログラミング,3.0,3
2026,ポッド,3.0,3
2026,メール,3.0,3
2026,リリース,3.0,3
2026,今日,3.0,3
2026,作成,3.0,3
2026,価値,3.0,3
2026,全部,3.0,3
2026,利用,3.0,3
2026,前編,3.0,3
2026,大学生,3.0,3
2026,実務,3.0,3
2026,実践,3.0,3
2026,対策,3.0,3
2026,操作,3.0,3
2026,数学,3.0,3
2026,最強,3.0,3
2026,解説,3.0,3
2026,認証,3.0,3
2026,24,3.0,2
2026,code,2.8,4
2026,ios,2.8,4
2026,ollama,2.8,4
2026,rust,2.8,4
2026,typescript,2.8,4
2026,id,2.8,2
2026,agentcore,2.0999999999999996,3
2026,android,2.0999999999999996,3
2026,api,2.0999999999999996,3
2026,bedrock,2.0999999999999996,3
2026,claude,2.0999999999999996,3
2026,compose,2.0999999999999996,3
2026,google,2.0999999999999996,3
2026,hono,2.0999999999999996,3
2026,llm,2.0999999999999996,3
2026,playwright,2.0999999999999996,3
2026,react,2.0999999999999996,3
2026,tts,2.0999999999999996,3
2026,ubuntu,2.0999999999999996,3
2026,2025,2.0,2
2026,27,2.0,2
2026,365,2.0,2
2026,38,2.0,2
2026,おすすめ,2.0,2
2026,こと,2.0,2
2026,ほう,2.0,2
2026,アイコン,2.0,2
2026,アシスタント,2.0,2
2026,アプリケーション,2.0,2
2026,インスタンス,2.0,2
2026,カスタム,2.0,2
2026,クローン,2.0,2
2026,グループ,2.0,2
2026,ゲーム,2.0,2
2026,コツ,2.0,2
2026,コンテナ,2.0,2
2026,シート,2.0,2
2026,ゼロ,2.0,2
2026,チート,2.0,2
2026,テクニック,2.0,2
2026,デザイナー,2.0,2
2026,デプロイ,2.0,2
2026,フレームワーク,2.0,2
2026,ベース,2.0,2
2026,ペネトレーションテスト,2.0,2
2026,ボイス,2.0,2
2026,マルチ,2.0,2
2026,ミス,2.0,2
2026,モデル,2.0,2
2026,モード,2.0,2
2026,ロング,2.0,2
2026,ロードマップ,2.0,2
2026,ヴァイブ,2.0,2
2026,一覧,2.0,2
2026,人生,2.0,2
2026,仕組み,2.0,2
2026,作り方,2.0,2
2026,使い方,2.0,2
2026,先輩,2.0,2
2026,入門,2.0,2
2026,加速,2.0,2
2026,合格,2.0,2
2026,図解,2.0,2
2026,基本,2.0,2
2026,外国人,2.0,2
2026,好み,2.0,2
2026,学習,2.0,2
2026,実績,2.0,2
2026,実験的,2.0,2
2026,小技,2.0,2
2026,就職活動,2.0,2
2026,徹底,2.0,2
2026,思考,2.0,2
2026,指示,2.0,2
2026,改善,2.0,2
2026,攻略,2.0,2
2026,日刊,2.0,2
2026,時代,2.0,2
2026,最速,2.0,2
2026,最適化,2.0,2
2026,本当,2.0,2
2026,本格化,2.0,2
2026,業務効率,2.0,2
2026,極意,2.0,2
2026,構成,2.0,2
2026,標的,2.0,2
2026,機能,2.0,2
2026,無償,2.0,2
2026,理解,2.0,2
2026,生成ai,2.0,2
2026,画像,2.0,2
2026,登場,2.0,2
2026,知識,2.0,2
2026,短期,2.0,2
2026,究極,2.0,2
2026,素人,2.0,2
2026,経理,2.0,2
2026,絶対,2.0,2
2026,自動,2.0,2
2026,自動化,2.0,2
2026,自律,2.0,2
2026,自慢,2.0,2
2026,良し悪し,2.0,2
2026,言葉,2.0,2
2026,訓練,2.0,2
2026,記法,2.0,2
2026,設計,2.0,2
2026,証明書,2.0,2
2026,資格,2.0,2
2026,起動,2.0,2
2026,逆算,2.0,2
2026,速報,2.0,2
2026,進化,2.0,2
2026,適用,2.0,2
2026,防止,2.0,2
2026,音声,2.0,2
2026,テスト,2.0,1
2026,agent,1.4,2
2026,awk,1.4,2
2026,azure,1.4,2
2026,boolean,1.4,2
2026,cdk,1.4,2
2026,chat,1.4,2
2026,cli,1.4,2
2026,cose,1.4,2
2026,crtp,1.4,2
2026,delphi,1.4,2
2026,discord,1.4,2
2026,excel,1.4,2
2026,figma,1.4,2
2026,files,1.4,2
2026,from,1.4,2
2026,gcp,1.4,2
2026,generative,1.4,2
2026,github,1.4,2
2026,grep,1.4,2
2026,hot,1.4,2
2026,ietf,1.4,2
2026,install,1.4,2
2026,iot,1.4,2
2026,jose,1.4,2
2026,langgraph,1.4,2
2026,lists,1.4,2
2026,localhost,1.4,2
2026,markdown,1.4,2
2026,mkcert,1.4,2
2026,note,1.4,2
2026,notebooklm,1.4,2
2026,ok,1.4,2
2026,pc,1.4,2
2026,pencil,1.4,2
2026,pip,1.4,2
2026,pqc,1.4,2
2026,proxmox,1.4,2
2026,python,1.4,2
2026,qwen,1.4,2
2026,rag,1.4,2
2026,runtime,1.4,2
2026,sharepoint,1.4,2
2026,sort,1.4,2
2026,studio,1.4,2
2026,svg,1.4,2
2026,swap,1.4,2
2026,ui,1.4,2
2026,uniq,1.4,2
2026,vcl,1.4,2
2026,vs,1.4,2
2026,web,1.4,2
2026,clf,1.4,1
2026,ga,1.4,1
2026,03,1.0,1
2026,10,1.0,1
2026,11,1.0,1
2026,12,1.0,1
2026,1万,1.0,1
2026,22.04,1.0,1
2026,"29,000",1.0,1
2026,3.2,1.0,1
2026,300億,1.0,1
2026,5.56,1.0,1
2026,5825,1.0,1
2026,86万,1.0,1
2026,きのこ,1.0,1
2026,そのまま,1.0,1
2026,たけのこ,1.0,1
2026,アカウント,1.0,1
2026,アニメーション,1.0,1
2026,アラート,1.0,1
2026,インターフェイス,1.0,1
2026,キャバクラ,1.0,1
2026,クロス,1.0,1
2026,コスト,1.0,1
2026,コミット,1.0,1
2026,コンピューターグラフィックス,1.0,1
2026,サイト,1.0,1
2026,サーバー,1.0,1
2026,システム,1.0,1
2026,ジョーク,1.0,1
2026,ススメ,1.0,1
2026,スペック,1.0,1
2026,ソースコード,1.0,1
2026,ダブルクリック,1.0,1
2026,チャット,1.0,1
2026,チャレンジ,1.0,1
2026,ディレクトリ,1.0,1
2026,ドラゴン,1.0,1
2026,ネスペ,1.0,1
2026,ハードウェア,1.0,1
2026,パラメーター,1.0,1
2026,フォルダ,1.0,1
2026,フルスタック,1.0,1
2026,フレッツ,1.0,1
2026,ブラウザ,1.0,1
2026,ブログ,1.0,1
2026,プロトコル,1.0,1
2026,プロバイダー,1.0,1
2026,プロンプト,1.0,1
2026,ホーム,1.0,1
2026,ボーイ,1.0,1
2026,ポエム,1.0,1
2026,ポケモン,1.0,1
2026,マクロ,1.0,1
2026,ミニ,1.0,1
2026,メモ,1.0,1
2026,メモリ,1.0,1
2026,ユーザー,1.0,1
2026,ユースケース,1.0,1
2026,ランタイム,1.0,1
2026,リアル,1.0,1
2026,リアルタイムシステム,1.0,1
2026,リセット,1.0,1
2026,リーダー,1.0,1
2026,ルータ,1.0,1
2026,レイテンシ,1.0,1
2026,ログイン,1.0,1
2026,ロボット,1.0,1
2026,ローディング,1.0,1
2026,ローマ字,1.0,1
2026,不在,1.0,1
2026,不安,1.0,1
2026,世界初,1.0,1
2026,並列,1.0,1
2026,予測,1.0,1
2026,事業,1.0,1
2026,互換,1.0,1
2026,仕事,1.0,1
2026,仕様書,1.0,1
2026,付箋,1.0,1
2026,以外,1.0,1
2026,会員制,1.0,1
2026,体験,1.0,1
2026,個人用,1.0,1
2026,全体像,1.0,1
2026,写真,1.0,1
2026,分業,1.0,1
2026,利用状況,1.0,1
2026,制御,1.0,1
2026,動き,1.0,1
2026,危険性,1.0,1
2026,原則,1.0,1
2026,可視化,1.0,1
2026,問題,1.0,1
2026,回転,1.0,1
2026,国際,1.0,1
2026,地図,1.0,1
2026,域外,1.0,1
2026,基本情報,1.0,1
2026,基礎,1.0,1
2026,外挿,1.0,1
2026,大規模,1.0,1
2026,失敗談,1.0,1
2026,定期的,1.0,1
2026,定義,1.0,1
2026,実験,1.0,1
2026,対抗,1.0,1
2026,工程,1.0,1
2026,市区町村,1.0,1
2026,幻覚,1.0,1
2026,影響力,1.0,1
2026,成功,1.0,1
2026,成長,1.0,1
2026,手元,1.0,1
2026,手戻り,1.0,1
2026,承認,1.0,1
2026,拡張機能,1.0,1
2026,採点,1.0,1
2026,支援,1.0,1
2026,改良点,1.0,1
2026,改造,1.0,1
2026,料金,1.0,1
2026,新機能,1.0,1
2026,映画館,1.0,1
2026,暗記,1.0,1
2026,曲線,1.0,1
2026,最優先,1.0,1
2026,最後,1.0,1
2026,月額,1.0,1
2026,未経験,1.0,1
2026,本気,1.0,1
2026,株価,1.0,1
2026,検知,1.0,1
2026,検索,1.0,1
2026,検証,1.0,1
2026,構造,1.0,1
2026,法則,1.0,1
2026,注意,1.0,1
2026,活用,1.0,1
2026,無料,1.0,1
2026,現場,1.0,1
2026,生活,1.0,1
2026,生産性,1.0,1
2026,画面,1.0,1
2026,目次,1.0,1
2026,真実,1.0,1
2026,知見,1.0,1
2026,移行,1.0,1
2026,管理,1.0,1
2026,結婚式,1.0,1
2026,維持費,1.0,1
2026,編集,1.0,1
2026,翻訳,1.0,1
2026,自作,1.0,1
2026,自己,1.0,1
2026,落ち,1.0,1
2026,要件,1.0,1
2026,規格,1.0,1
2026,視点,1.0,1
2026,解釈,1.0,1
2026,言語,1.0,1
2026,計算,1.0,1
2026,記録,1.0,1
2026,設定,1.0,1
2026,試験,1.0,1
2026,認可,1.0,1
2026,認定,1.0,1
2026,貢献,1.0,1
2026,通用,1.0,1
2026,通知,1.0,1
2026,連携,1.0,1
2026,連敗,1.0,1
2026,達成,1.0,1
2026,金融,1.0,1
2026,開催,1.0,1
2026,限界,1.0,1
2026,駆動,1.0,1
2026,高卒,1.0,1
2026,adguard,0.7,1
2026,agenttemplate,0.7,1
2026,amplify,0.7,1
2026,analytics,0.7,1
2026,architect,0.7,1
2026,attention,0.7,1
2026,backend,0.7,1
2026,bash,0.7,1
2026,before,0.7,1
2026,bin,0.7,1
2026,builder,0.7,1
2026,certified,0.7,1
2026,check,0.7,1
2026,chrome,0.7,1
2026,cline,0.7,1
2026,cloud,0.7,1
2026,css,0.7,1
2026,cuda,0.7,1
2026,database,0.7,1
2026,datarobot,0.7,1
2026,devise,0.7,1
2026,egpu,0.7,1
2026,es,0.7,1
2026,factory,0.7,1
2026,fdua,0.7,1
2026,feedly,0.7,1
2026,frontend,0.7,1
2026,gateway,0.7,1
2026,genu,0.7,1
2026,git,0.7,1
2026,gtr,0.7,1
2026,hallucination,0.7,1
2026,ignite,0.7,1
2026,it,0.7,1
2026,javascript,0.7,1
2026,jf,0.7,1
2026,js,0.7,1
2026,json,0.7,1
2026,lambda,0.7,1
2026,langchain,0.7,1
2026,leader,0.7,1
2026,line,0.7,1
2026,llama,0.7,1
2026,mac,0.7,1
2026,mailchimp,0.7,1
2026,mastra,0.7,1
2026,next,0.7,1
2026,oauth,0.7,1
2026,oidc,0.7,1
2026,on,0.7,1
2026,openai,0.7,1
2026,oracle,0.7,1
2026,part,0.7,1
2026,plan,0.7,1
2026,private,0.7,1
2026,professional,0.7,1
2026,rails,0.7,1
2026,rss,0.7,1
2026,ruby,0.7,1
2026,runner,0.7,1
2026,ryzen,0.7,1
2026,saa,0.7,1
2026,saml,0.7,1
2026,sandboxes,0.7,1
2026,sdk,0.7,1
2026,self,0.7,1
2026,service,0.7,1
2026,settings,0.7,1
2026,skills,0.7,1
2026,slm,0.7,1
2026,solid,0.7,1
2026,solutions,0.7,1
2026,sso,0.7,1
2026,suggest,0.7,1
2026,transformer,0.7,1
2026,trusttunnel,0.7,1
2026,unity,0.7,1
2026,url,0.7,1
2026,view,0.7,1
2026,vscode,0.7,1
2026,worktree,0.7,1
2026,wsl,0.7,1
2026,xe,0.7,1
2026,xr,0.7,1
2026,yolo,0.7,1
