date,word,count,article_count
2026-02-23,claude,4.2,6
2026-02-23,した,4.0,4
2026-02-23,ai,3.5,5
2026-02-23,aws,3.5,5
2026-02-23,から,3.0,3
2026-02-23,セキュリティ,3.0,3
2026-02-23,トレンド,3.0,3
2026-02-23,開発,3.0,3
2026-02-23,プログラミング,3.0,2
2026-02-23,言語,3.0,2
2026-02-23,api,2.0999999999999996,3
2026-02-23,cdk,2.0999999999999996,3
2026-02-23,code,2.0999999999999996,3
2026-02-23,github,2.0999999999999996,3
2026-02-23,える,2.0,2
2026-02-23,された,2.0,2
2026-02-23,しました,2.0,2
2026-02-23,する,2.0,2
2026-02-23,になった,2.0,2
2026-02-23,まで,2.0,2
2026-02-23,エージェント,2.0,2
2026-02-23,ガイド,2.0,2
2026-02-23,メモ,2.0,2
2026-02-23,公式,2.0,2
2026-02-23,完全,2.0,2
2026-02-23,実践,2.0,2
2026-02-23,徹底解説,2.0,2
2026-02-23,設定,2.0,2
2026-02-23,ログ,2.0,1
2026-02-23,anthropic,1.4,2
2026-02-23,async/await,1.4,2
2026-02-23,net,1.4,2
2026-02-23,openclaw,1.4,2
2026-02-23,python,1.4,2
2026-02-23,web,1.4,2
2026-02-23,いから,1.0,1
2026-02-23,いた,1.0,1
2026-02-23,いのか,1.0,1
2026-02-23,えれば,1.0,1
2026-02-23,かけて,1.0,1
2026-02-23,かせない,1.0,1
2026-02-23,かな,1.0,1
2026-02-23,がいないので,1.0,1
2026-02-23,がないから,1.0,1
2026-02-23,きから,1.0,1
2026-02-23,きの,1.0,1
2026-02-23,ぐための,1.0,1
2026-02-23,こう,1.0,1
2026-02-23,これだけ,1.0,1
2026-02-23,ごと,1.0,1
2026-02-23,され,1.0,1
2026-02-23,しくなるのか,1.0,1
2026-02-23,したら,1.0,1
2026-02-23,して,1.0,1
2026-02-23,してみた,1.0,1
2026-02-23,しない,1.0,1
2026-02-23,じゃないと,1.0,1
2026-02-23,すぎ,1.0,1
2026-02-23,するまでの,1.0,1
2026-02-23,その,1.0,1
2026-02-23,たときの,1.0,1
2026-02-23,たのか,1.0,1
2026-02-23,だったけど,1.0,1
2026-02-23,ったけど,1.0,1
2026-02-23,ったら,1.0,1
2026-02-23,っておくべきこと,1.0,1
2026-02-23,づいた,1.0,1
2026-02-23,できる,1.0,1
2026-02-23,です,1.0,1
2026-02-23,でわかる,1.0,1
2026-02-23,とおしゃべりしてみた,1.0,1
2026-02-23,との,1.0,1
2026-02-23,とは,1.0,1
2026-02-23,なし,1.0,1
2026-02-23,なのは,1.0,1
2026-02-23,にして,1.0,1
2026-02-23,にたどり,1.0,1
2026-02-23,について,1.0,1
2026-02-23,につけて,1.0,1
2026-02-23,のための,1.0,1
2026-02-23,はどこから,1.0,1
2026-02-23,はなぜ,1.0,1
2026-02-23,びれる,1.0,1
2026-02-23,までの,1.0,1
2026-02-23,まれたのか,1.0,1
2026-02-23,める,1.0,1
2026-02-23,やって,1.0,1
2026-02-23,るとなぜ,1.0,1
2026-02-23,わったら,1.0,1
2026-02-23,わらせよう,1.0,1
2026-02-23,をやる,1.0,1
2026-02-23,んだ,1.0,1
2026-02-23,アプリ,1.0,1
2026-02-23,アプリケーション,1.0,1
2026-02-23,インストール,1.0,1
2026-02-23,エコシステム,1.0,1
2026-02-23,エッジ,1.0,1
2026-02-23,エラー,1.0,1
2026-02-23,エリア,1.0,1
2026-02-23,オワタ,1.0,1
2026-02-23,コマンド,1.0,1
2026-02-23,コンテキスト,1.0,1
2026-02-23,コード,1.0,1
2026-02-23,サイト,1.0,1
2026-02-23,サーバーレス,1.0,1
2026-02-23,サービス,1.0,1
2026-02-23,シンプル,1.0,1
2026-02-23,スクリプト,1.0,1
2026-02-23,スライド,1.0,1
2026-02-23,セキュリティインシデント,1.0,1
2026-02-23,ゼロ,1.0,1
2026-02-23,チートシート,1.0,1
2026-02-23,テスト,1.0,1
2026-02-23,テンプレート,1.0,1
2026-02-23,デプロイ,1.0,1
2026-02-23,データ,1.0,1
2026-02-23,ネットワーク,1.0,1
2026-02-23,バグ,1.0,1
2026-02-23,バケット,1.0,1
2026-02-23,パッケージ,1.0,1
2026-02-23,ファイアウォール,1.0,1
2026-02-23,ファイル,1.0,1
2026-02-23,プロトタイプ,1.0,1
2026-02-23,プロファイル,1.0,1
2026-02-23,プロンプト,1.0,1
2026-02-23,プロンプトインジェクション,1.0,1
2026-02-23,ベクトル,1.0,1
2026-02-23,ベンチ,1.0,1
2026-02-23,ページ,1.0,1
2026-02-23,ポッドキャスト,1.0,1
2026-02-23,マクロ,1.0,1
2026-02-23,マルチエージェントリサーチシステム,1.0,1
2026-02-23,ミス,1.0,1
2026-02-23,モデル,1.0,1
2026-02-23,ライブラリ,1.0,1
2026-02-23,リスク,1.0,1
2026-02-23,リポジトリ,1.0,1
2026-02-23,リリース,1.0,1
2026-02-23,リージョナル,1.0,1
2026-02-23,レシピ,1.0,1
2026-02-23,ログインシェル,1.0,1
2026-02-23,ローカル,1.0,1
2026-02-23,ワークフロー,1.0,1
2026-02-23,一番大事,1.0,1
2026-02-23,一色,1.0,1
2026-02-23,一覧,1.0,1
2026-02-23,事前検証,1.0,1
2026-02-23,二重効果,1.0,1
2026-02-23,今日,1.0,1
2026-02-23,体系整理,1.0,1
2026-02-23,作成,1.0,1
2026-02-23,倍突破,1.0,1
2026-02-23,全文公開,1.0,1
2026-02-23,全解剖,1.0,1
2026-02-23,公開,1.0,1
2026-02-23,再考,1.0,1
2026-02-23,出力,1.0,1
2026-02-23,分類,1.0,1
2026-02-23,初心者向,1.0,1
2026-02-23,利用,1.0,1
2026-02-23,即実行,1.0,1
2026-02-23,合格,1.0,1
2026-02-23,因果推論,1.0,1
2026-02-23,基本情報技術者試験,1.0,1
2026-02-23,基盤,1.0,1
2026-02-23,変更,1.0,1
2026-02-23,外部接続,1.0,1
2026-02-23,外部通信,1.0,1
2026-02-23,存在,1.0,1
2026-02-23,学習支援,1.0,1
2026-02-23,完全無料,1.0,1
2026-02-23,実力,1.0,1
2026-02-23,実務,1.0,1
2026-02-23,実行,1.0,1
2026-02-23,実験,1.0,1
2026-02-23,対処法,1.0,1
2026-02-23,対応,1.0,1
2026-02-23,専務,1.0,1
2026-02-23,層防御,1.0,1
2026-02-23,広告,1.0,1
2026-02-23,復活,1.0,1
2026-02-23,徹底解剖,1.0,1
2026-02-23,情報,1.0,1
2026-02-23,意図,1.0,1
2026-02-23,技術,1.0,1
2026-02-23,拡張単語,1.0,1
2026-02-23,指示,1.0,1
2026-02-23,提案,1.0,1
2026-02-23,教育,1.0,1
2026-02-23,教育投資,1.0,1
2026-02-23,教訓,1.0,1
2026-02-23,数十年見逃,1.0,1
2026-02-23,数十行,1.0,1
2026-02-23,数学,1.0,1
2026-02-23,数式,1.0,1
2026-02-23,新機能,1.0,1
2026-02-23,方法,1.0,1
2026-02-23,日本語,1.0,1
2026-02-23,日次,1.0,1
2026-02-23,時代,1.0,1
2026-02-23,暴落,1.0,1
2026-02-23,最小,1.0,1
2026-02-23,最近,1.0,1
2026-02-23,最適化,1.0,1
2026-02-23,月号,1.0,1
2026-02-23,月間,1.0,1
2026-02-23,本番,1.0,1
2026-02-23,極意,1.0,1
2026-02-23,機械学習,1.0,1
2026-02-23,歴史,1.0,1
2026-02-23,決着,1.0,1
2026-02-23,活用事例,1.0,1
2026-02-23,源流,1.0,1
2026-02-23,激変,1.0,1
2026-02-23,無理,1.0,1
2026-02-23,爆速,1.0,1
2026-02-23,生成,1.0,1
2026-02-23,画像,1.0,1
2026-02-23,発表,1.0,1
2026-02-23,発見,1.0,1
2026-02-23,相手,1.0,1
2026-02-23,知識,1.0,1
2026-02-23,箇条書,1.0,1
2026-02-23,管理,1.0,1
2026-02-23,精度,1.0,1
2026-02-23,経済学入門,1.0,1
2026-02-23,結局,1.0,1
2026-02-23,統計学,1.0,1
2026-02-23,緑色,1.0,1
2026-02-23,色変記事,1.0,1
2026-02-23,表示,1.0,1
2026-02-23,製造業,1.0,1
2026-02-23,記事,1.0,1
2026-02-23,設計,1.0,1
2026-02-23,設計要素,1.0,1
2026-02-23,認定,1.0,1
2026-02-23,認証機能付,1.0,1
2026-02-23,読書,1.0,1
2026-02-23,財源,1.0,1
2026-02-23,資格取,1.0,1
2026-02-23,金融,1.0,1
2026-02-23,関連,1.0,1
2026-02-23,防止,1.0,1
2026-02-23,限界,1.0,1
2026-02-23,障害,1.0,1
2026-02-23,電気回路,1.0,1
2026-02-23,非同期処理,1.0,1
2026-02-23,革命,1.0,1
2026-02-23,韓国人,1.0,1
2026-02-23,ab,0.7,1
2026-02-23,agent,0.7,1
2026-02-23,alembic,0.7,1
2026-02-23,atcoder,0.7,1
2026-02-23,bottle,0.7,1
2026-02-23,cognito,0.7,1
2026-02-23,cookbook,0.7,1
2026-02-23,design,0.7,1
2026-02-23,dll,0.7,1
2026-02-23,dotnet,0.7,1
2026-02-23,fastapi,0.7,1
2026-02-23,fe,0.7,1
2026-02-23,gateway,0.7,1
2026-02-23,gemini,0.7,1
2026-02-23,haskell......,0.7,1
2026-02-23,it,0.7,1
2026-02-23,javascript,0.7,1
2026-02-23,langchain,0.7,1
2026-02-23,language,0.7,1
2026-02-23,line,0.7,1
2026-02-23,linux,0.7,1
2026-02-23,llm,0.7,1
2026-02-23,lm,0.7,1
2026-02-23,mind,0.7,1
2026-02-23,mint,0.7,1
2026-02-23,models,0.7,1
2026-02-23,mysql,0.7,1
2026-02-23,nemotron,0.7,1
2026-02-23,nuget,0.7,1
2026-02-23,numba,0.7,1
2026-02-23,nvidia,0.7,1
2026-02-23,odbc,0.7,1
2026-02-23,ok,0.7,1
2026-02-23,opencode,0.7,1
2026-02-23,opus,0.7,1
2026-02-23,powershell,0.7,1
2026-02-23,python/typescript,0.7,1
2026-02-23,qiita,0.7,1
2026-02-23,recursive,0.7,1
2026-02-23,run,0.7,1
2026-02-23,s3,0.7,1
2026-02-23,script.cs,0.7,1
2026-02-23,sdk,0.7,1
2026-02-23,security,0.7,1
2026-02-23,slidev,0.7,1
2026-02-23,software,0.7,1
2026-02-23,sql,0.7,1
2026-02-23,sqlmodel,0.7,1
2026-02-23,ssh,0.7,1
2026-02-23,studio,0.7,1
2026-02-23,swallow,0.7,1
2026-02-23,top10,0.7,1
2026-02-23,top9,0.7,1
2026-02-23,vs,0.7,1
